original; corrected
iinportant; important
anned services; armed services
freeflowing; free-flowing
specif- ic; specific
rea- sonable; reasonable
bUilding; building
fonner; former
rightsour; rights our
retumed; returned
Peter CosteUo; Peter Costello
Leaderwe; Leader we
Spprt; Sport
thirtyeighth; thirty-eighth
selffunded; self-funded
govemment; government
im- prove; improve
GovemorGeneral; Governor General
impossi- ble; impossible
MurrayDarling; Murray-Darling
BawLa; Baw La
fibreto; fibre to
1 9 8 1; 1981
1 98 1; 1981
A djournment; Adjournment
A mendment; Amendment
A ustralian; Australian
A'ustralian; Australian
a.ny; any
abat toirs; abattoirs
abol ition; abolition
Abor iginal; Aboriginal
absolutelyclear; absolutely clear
abun dantly; abundantly
ac cording; according
ac tivity; activity
accept ance; acceptance
action,I; action, I
action.The; action. The
ad ditional; additional
ad journed; adjourned
additionthey; addition they
adjourn ment; adjournment
adjust ing; adjusting
Adminis tration; Administration
adminis tration; administration
Adminis trative; Administrative
Administrat ive; Administrative
administrat ive; administrative
administrativeability; administrative ability
Adrriinistration; Administration
advan tage; advantage
adver tising; advertising
affort; afford
afterclause; after clause
ag gressive; aggressive
againstthat; against that
agesfor; ages for
agree ment; agreement
agree ments; agreements
air line; airline
al liance; alliance
al lowance; allowance
al lowances; allowances
al lowed; allowed
alle gations; allegations
allo cation; allocation
altogetheremployment; altogether employment
amend ment; amendment
amend ments; amendments
amquite; am quite
an nouncing; announcing
andinformation; and information
andlesstotheresponsibleMinister,With; and less to the responsible Minister, With
andperhaps; and perhaps
anotherone; another one
Answers t o Questions; Answers to Questions
anti inflationary; anti-inflationary
anyf urther; any further
ap plied; applied
ap plying; applying
ap preciate; appreciate
ap prentices; apprentices
ap proach; approach
ap proval; approval
Apartcfrom; Apart from
appliedsince; applied since
appreci ate; appreciate
appren tices; apprentices
Ar bitration; Arbitration
ar guable; arguable
ar guing; arguing
ar gument; argument
ar rangement; arrangement
architec tural; architectural
arepayingto; are paying to
argu ment; argument
argu ments; arguments
arrange ment; arrangement
artifical; artificial
as sertion; assertion
as sisted; assisted
As sociation; Association
as surance; assurance
asa; as a
ass.essors; assessors
asses sed; assessed
assesors; assessors
Assess ment; Assessment
assess ment; assessment
assist ance; assistance
Assistan t; Assistant
Associ ation; Association
assump tion; assumption
astart; a start
at mosphere; atmosphere
atmos phere; atmosphere
atten tion; attention
atti tudes; attitudes
Attorney-Gerreral; Attorney-General
AuditorsGeneral; Auditors General
Aus tralians; Australians
Aus- . tralian; Australian
AustralianCapital; Australian Capital
authori ties; authorities
Autralians; Australians
av erage; average
avail able; available
availab,le; available
aver age; average
avoid ance; avoidance
b e; be
B elgium; Belgium
B udget; Budget
b y; by
Bar rier; Barrier
base ment; basement
be came known; became known
be cause; because
be come a; become a
be comes infinitely; becomes infinitely
be fore; before
be hind; behind
be lieve; believe
be lieved; believed
be nighted; benighted
be tter; better
be tween; between
Be1connen; Belconnen
beadvisable; be advisable
beauti ful; beautiful
bedone; be done
BeefIndustry; Beef Industry
beingasked; being asked
BennelongTreasurer; Bennelong Treasurer
beomitted; be omitted
bet ter; better
bilrden; burden
biol ogists; biologists
birthright; birth right
bleed ing; bleeding
Bourkestreet; Bourke street
Braith waite; Braithwaite
broadbased; broad based
Bu reau; Bureau
busi ness; business
businessconcern; business concern
businesslike; business like
but 1 will; but I will
buta; but a
butsurely; but surely
byemployees; by employees
ca pacity; capacity
Cabi net; Cabinet
call ing; calling
Can berra; Canberra
can didly; candidly
cannotbut; cannot but
Capi tal; Capital
capi tal; capital
capitai; capital
car ried; carried
cas'e; case
Cbmmittee; Committee
CDmmissiDn; Commission
cen tury; century
cer tain; certain
Cer tainly; Certainly
chal lenge; challenge
charg ing; charging
chil dren's; children's
circum stances; circumstances
citi zenship; citizenship
cleanup; clean-up
co operate; cooperate
co operation; cooperation
coe to; come to
Col lege; College
collabora tive; collaborative
collec tive; collective
com ment; comment
com ments; comments
Com mision; Commision
Com mission; Commission
Com missioner; Commissioner
Com mittee's; Committee's
Com mittee; Committee
com munication; communication
com munique; communique
com munity; community
com parisons; comparisons
com petitive; competitive
com plainant; complainant
com plete; complete
com pletely; completely
com pulsory; compulsory
commen ced; commenced
commen tators; commentators
commer cial; commercial
commeritators; commentators
Commonwealthtaxation; Commonwealth taxation
compari son; comparison
compe tition; competition
compkte; complete
complants; complaints
compli cated; complicated
compo sition; composition
comprehen sive; comprehensive
con cerned; concerned
con cerning; concerning
con clusion; conclusion
con nection; connection
con sider; consider
con siderably; considerably
con sideration; consideration
con sidered; considered
con siders; considers
con stituted; constituted
con structive; constructive
con sulted; consulted
con sumers; consumers
con suming; consuming
con tacted; contacted
con tention; contention
con tinue; continue
con tinued; continued
Con trast; Contrast
con tribution; contribution
con tributor; contributor
con trived; contrived
con venience; convenience
concensus; consensus
concili ation; conciliation
Concili ation; Conciliation
concur rence; concurrence
condem nation; condemnation
confer ence; conference
confidential in formation; confidential information
conflict ing; conflicting
conlusion; conclusion
consider ation; consideration
consideraton; consideration
consti tute; constitute
consti tutional; constitutional
contem plating; contemplating
contem porary; contemporary
continu ing; continuing
contra ceptives; contraceptives
contri bution; contribution
conven tions; conventions
cor porations; corporations
cor rect; correct
cor recting; correcting
coritinues; continues
corne; come
Corpor ation; Corporation
corpor ations; corporations
could be come; could become
coun tries; countries
cur rently; currently
danger ous; dangerous
de cide; decide
de cision; decision
de fects; defects
De partment's; Department's
de partment; department
de plorable; deplorable
de scrihed; described
de signed; designed
De spite; Despite
de stroys; destroys
de termine; determine
de velopment; development
De velopment; Development
deal ing; dealing
declaired; declared
deemednecessary; deemed necessary
del eterious; deleterious
delib erate; deliberate
dem onstrate; demonstrate
demon stration; demonstration
demonstrat ing; demonstrating
deny ing; denying
Depart ment; Department
depen dence; dependence
depen dent; dependent
DeputySpeaker; Deputy Speaker
dero gation; derogation
des perate; desperate
deter mined; determined
deterimental; detrimental
determi nation; determination
devel opment; development
Devel opment; Development
Develop ment; Development
develop ments'; developments'
Df; of
di mensions; dimensions
di rection; direction
did not for get; did not forget
dimiss; dismiss
dis cretionary; discretionary
dis cussion; discussion
dis cussions; discussions
dis pute; dispute
dis putes; disputes
dis ruptive; disruptive
disad vantaged; disadvantaged
disadvan taged; disadvantaged
disap proval; disapproval
disciplin ary; disciplinary
Disciplin ary; Disciplinary
disgrace ful; disgraceful
dishonorable; dishonourable
disin centive; disincentive
disin terested; disinterested
dispropor tionate; disproportionate
dispu tation; disputation
disrup tion; disruption
dissatis faction; dissatisfaction
distri bution; distribution
div isive; divisive
dmvn; down
Dn; on
dO not; do not
docu ment; document
docu ments; documents
doesnotdoit,butthehonorableandlearned; does not do it, but the honorable and learned
dom estic; domestic
domi nant ;dominant
don'tintend; don't intend
don,e; done
Dut; out
earn ings; earnings
easilydispense; easily dispense
ecommendation; recommendation
Econ omic; Economic
econ omic; economic
econ omy; economy
edu cation; education
elec tion; election
elec torate; electorate
electricallyoperated; electrically operated
em bassy; embassy
em ployee; employee
em ployees; employees
em ployer; employer
Em ployers; Employers
em ployers; employers
em ployment; employment
Empire.I; Empire I
Employ ment; Employment
employer.can; employer can
en able; enable
en courages; encourages
en dorse; endorse
endeavour ing; endeavouring
enor mous; enormous
enthusi astic; enthusiastic
enunci ate; enunciate
envi able; enviable
Environ ment; Environment
environmen tal; environmental
epsiode; episode
eqIJestrian; equestrian
es tablished; established
essen tial; essential
estab lished; established
estab lishment; establishment
Estblish; Establish
EveningNews; Evening News
eventu ally; eventually
evi dence; evidence
ex citement; excitement
ex tremely; extremely
exacer bate; exacerbate
excess ive; excessive
exemp tion; exemption
exer cise; exercise
Exist ing; Existing
expen diture; expenditure
expendi ture; expenditure
expendi tures; expenditures
expenditurewhich; expenditure which
expeqditure; expenditure
extraordi nary; extraordinary
extravagan ces; extravagances
fac simile; facsimile
fac tors; factors
facili ties; facilities
famil ies; families
favorably; favourably
favored; favoured
favorite; favourite
favoritism; favouritism
FederalPolice; Federal Police
fin anced; financed
finan cial; financial
financial'year; financial year
fixedat; fixed at
fol low; follow
fol lowing; following
forma tion; formation
fornier; former
forpensioners; for pensioners
fortelegraph; for telegraph
forus; for us
frac tional; fractional
frac tionally; fractionally
fran chise; franchise
FRASERHonourable; FRASER Honourable
fre quency; frequency
Friday,I; Friday I
fright ened; frightened
fromhis; from his
frus tration; frustration
frus trations; frustrations
funda mental; fundamental
gaJlon; gallon
gar deners; gardeners
gath ered; gathered
gen eral; general
gen erally; generally
Gener ally; Generally
geneticdiversityas; genetic diversity as
gentleman'S; gentleman's
gentlemanwill; gentleman will
gerrymander ing; gerrymandering
giv ing; giving
giveemployment; give employment
goverment; government
govern ment; government
govern ments; governments
Govern ments; Governments
Governor.General; Governor General
Gqvernment; Government
Hansardof; Hansard of
hap pened; happened
hap pening; happening
harbor; harbour
has be come; has become
hDnDurable; honourable
heartbreaking; heart breaking
heavily.taxed; heavily taxed
hesi tancy; hesitancy
hesi tation; hesitation
hi erarchy; hierarchy
him self; himself
himselfbe; himself be
hismeans; his means
Hodg man; Hodgman
hol idays; holidays
Honorable; Honourable
honorable; honourable
honourablemember; honourable member
Honourgb]e; Honourable
How ever; However
humani tarian; humanitarian
Hun dreds; Hundreds
hurlyburly; hurly-burly
I Dbject; I object
i n the; in the
i n; in
I ncome; Income
i ndustrial; industrial
i ntegrated; integrated
i s; is
i t ; it
Iam; I am
ian; Ian
identifica tion; identification
ifLabor; if Labor
ifnot; if not
ig nore; ignore
im partial; impartial
im plement; implement
im plements; implements
im plied; implied
im portant; important
im posing; imposing
im possible; impossible
im provement; improvement
imbal ance; imbalance
impli cations; implications
impo tent; impotent
import antly; importantly
improve ments; improvements
in clined; inclined
in cluded; included
in cluding; including
in come tax; income tax
in come; income
in corporated; incorporated
in crease; increase
in creases; increases
In creases; Increases
in dividual; individual
in dulgence; indulgence
in dustrial; industrial
in dustries; industries
in dustry; industry
in genuity; ingenuity
in quiries; inquiries
in spection; inspection
in sulin; insulin
in tention; intention
in ternational; international
in terpretation; interpretation
in tervention; intervention
in troduction; introduction
in vestigations; investigations
in vestment; investment
in vitation; invitation
in volve; involve
in volved; involved
in volvement; involvement
in volves; involves
inac tivity; inactivity
incen tives; incentives
inci dents; incidents
inciuded; included
includ ing; including
includingthe; including the
incon sistency; inconsistency
incon venience; inconvenience
incon venient; inconvenient
incor rect; incorrect
incorpor ated; incorporated
incorporatedin; incorporated in
increas ing; increasing
indepen dent; independent
indict ment; indictment
indul gence; indulgence
indus trial; industrial
indus try; industry
IndustrialAccidents; Industrial Accidents
inevi tability; inevitability
inevitahle; inevitable
infla tion; inflation
infla tionary; inflationary
infor mation; information
initiat ive; initiative
insertthewords; insert the words
insti tution; institution
insti tutions; insti tutions
Intelli gence; Intelligence
inten tionally; intentionally
inter fere; interfere
inter national; international
Inter vention; Intervention
interjectingMr; interjecting Mr
interrup ted; interrupted
Inthe; In the
intimi dation; intimidation
intoparliamentary; into parliamentary
introducethis; introduce this
invcstigative; investigative
inves tigated; investigated
inves tigating; investigating
inves tors; investors
invest ment; investment
investi gation; investigation
Investi gation; Investigation
investi gators; investigators
Ipoint; I point
ir responsible; irresponsible
irivest; invest
islong; is long
j dare; I dare
knowl edge; knowledge
laborer; labourer
LaborGovernment; Labor Government
lastcouple; last couple
lead ing; leading
Leader o f the; Leader of the
learnedfriend; learned friend
leaveadopted; leave adopted
legis lation; legislation
legislative,safeguards; legislative, safeguards
Lepderofthe; Leader of the
leveL; level
lim ited; limited
limi tation; limitation
lis tening; listening
liv ing; living
look ing; looking
low in come; low income
loy alty; loyalty
M inister; Minister
made,and; made, and
main tain; maintain
maintain ing; maintaining
mainten ance; maintenance
mak ing; making
makeasufficientfigure; make a sufficient figure
man agement; management
man ner; manner
manu facturing; manufacturing
mar ginal; marginal
mar ket; market
mass ive; massive
mat ter; matter
mat ters; matters
mattermay; matter may
meantthat; meant that
measureaircraft; measure aircraft
Mel bourne; Melbourne
membercannot; member cannot
memberforCorinellaadvocatedthatgreater; member for Corinella advocated that greater
men tioned; mentioned
men tions; mentions
Mi nistry; Ministry
militaryand; military and
militarysystem; military system
Min ister's; Minister's
minDrity; minority
mini misation; minimisation
minimis ation; minimisation
Minis ter; Minister
Miniter; Minister
minorimportance; minor importance
misrepresenta tion; misrepresentation
mo ment; moment
mov ing; moving
move ment; movement
multi tude; multitude
N etherlands; Netherlands
n o t ; not
navi gation; navigation
naviga tional; navigational
nazis; Nazis
nDt; not
nego tiate; negotiate
nego tiations; negotiations
neigbouring; neighbouring
neu tral; neutral
Neverthe less; Nevertheless
New South AVales; New South Wales
Nor mally; Normally
Notice of MQtion; Notice of Motion
Notice ofMotion; Notice of Motion
nowread; now read
o f; of
ob vious; obvious
ob viously; obviously
objec tive; objective
obser vations; observations
obvi ous; obvious
obvi ously; obviously
Obvi ously; Obviously
oCorder; of order
OEeD; OECD
of'these; of these
ofa; of a
ofage; of age
ofaged; of aged
ofAmerica; of America
ofartificial; of artificial
ofassistance; of assistance
ofAustralian; of Australian
ofAustralians; of Australians
ofbiggergovernment; of bigger government
ofcertain; of certain
ofCommillees; of Committees
ofCommittees; of Committees
ofCustoms; of Customs
ofendlesstrouble,annoyanceandworry.; of endless trouble, annoyance and worry.
offederation; of federation
offhis; off his
officcr; officer
ofFraser; of Fraser
ofGDP; of GDP
ofgoods; of goods
ofgreat; of great
ofgrowers; of growers
ofhalf; of half
ofIncome; of Income
ofindirect; of indirect
ofits; of its
ofKampuchea; of Kampuchea
oflegislation; of legislation
ofmeat; of meat
ofmonstrous; of monstrous
ofOECD; of OECD
ofoperations; of operations
oforder; of order
ofossified; of ossified
ofparliamentary; of parliamentary
ofpayroll; of payroll
ofplant; of plant
ofpolicy; of policy
ofpolitical; of political
ofprescriptions; of prescriptions
ofprotecting; of protecting
ofputting; of putting
ofrebates; of rebates
ofSchedule; of Schedule
ofShares; of Shares
ofsocial; of social
ofSocial; of Social
ofStandard; of Standard
ofstandard; of standard
ofstoppages; of stoppages
ofstrikes; of strikes
ofstudent; of student
ofTransport; of Transport
oganisation; organisation
Ombuds man; Ombudsman
op erate; operate
op eration; operation
op erations; operations
op posite; opposite
oper ations; operations
operatio,n; operation
opoprtunity; opportunity
Oppo sition; Opposition
oppor tunity; opportunity
opportuni ties; opportunities
oppotunities; opportunities
or ganisations; organisations
ordi nary; ordinary
ordinaryworking; ordinary working
ordoes; or does
organ isers; organisers
organ ising; organising
Organis ation; Organisation
organis ation; organisation
organis ations; organisations
orig inal; original
our .objective; our objective
ourmanufacturershavedone; our manufacturers have done
outoftheway; out of the way
outrivaling; outrivalling
overwhelm ing; overwhelming
p olls; polls
par liament; parliament
par liamentary; parliamentary
par ticiDate; participate
par ticular; particular
Parlia ment; Parliament
parlia mentary; parliamentary
Parlia mentary; Parliamentary
Parliamcnt; Parliament
Parliamen tary; Parliamentary
Parramattatobemore; Parramatta to be more
Parraraatta; Parramatta
particu larly; particularly
pass enger; passenger
passen ger; passenger
pay ing; paying
pay ments; payments
payingthree; paying three
pen alty; penalty
pen sioners; pensioners
pen sions; pensions
pensionincreases; pension increases
per fectly; perfectly
Per haps; Perhaps
per mits; permits
per sonal; personal
per sonnel; personnel
perannum; per annum
perform ance; performance
personalty; personality
pet ition; petition
Pet ition; Petition
pet rol; petrol
pet roleum; petroleum
phenom enon; phenomenon
plan ning; planning
planthat; plan that
plummet ing; plummeting
pointout; point out
pol itical; political
Pol lution; Pollution
poli cies; policies
politicalinfluence; political influence
popu larity; popularity
popu lation; population
port ing; porting
pos ition; position
pos sibily; possibily
poss ible; possible
poss ibly; possibly
pow ered; powered
power ful; powerful
powershouldbegiventothecommissioner; power should be given to the commissioner
pr miums; premiums
prac tised; practised
practi cal; practical
pre cise; precise
pre cisely; precisely
pre pared; prepared
pre vious; previous
predominent; predominant
predomipant; predominant
presen tation; presentation
previousdiscussion; previous discussion
previouslydenied; previously denied
pri mary; primary
pri vate; private
princi pally; principally
priorto; prior to
pro duce; produce
Pro fessor; Professor
pro posal; proposal
pro posals; proposals
pro prietors; proprietors
pro vide; provide
pro vided; provided
prob ably; probably
prob lem; problem
prob lems; problems
proceed ings; proceedings
proj ect; project
propDsition; proposition
properl'y; properly
Protec tion; Protection
protestirtg; protesting
provi. de; provide
pto ductivity; productivity
pub lic; public
Pub lic; Public
pUblicity; publicity
publicservice; public service
pur pose; purpose
pur sued; pursued
pursuaded; persuaded
put for ward; put forward
putshimself; puts himself
ques tion; question
ques tioned; questioned
ques tioning; questioning
ques tions; questions
questionbeen; question been
QUestions; Questions
rais ings; raisings
ran som; ransom
re alises; realises
re ality; reality
Re ceipts; Receipts
re cent; recent
re cently; recently
re duce; reduce
re ferred; referred
re ferring; referring
re gard; regard
re garding; regarding
re gressive; regressive
re grettably; regrettably
re jection; rejection
re lated; related
re lates; relates
re lating; relating
re lation; relation
re lations; relations
Re lations; Relations
re lationship; relationship
re liance; reliance
re maining; remaining
re mains; remains
re newed; renewed
re port; report
re quirement; requirement
re quirements; requirements
re quirewithdrawal; require withdrawal
re sources; resources
re spect; respect
re spectfully; respectfully
re spond; respond
re sponsibility; responsibility
re sponsibly; responsibly
re trieval; retrieval
re veals; reveals
read ing; reading
realis ation; realisation
reasonble; reasonable
rec ommendations; recommendations
recentcensusisaninstanceofit-will; recent census is an instance of it - will
recipi ent; recipient
recog nise; recognise
recog nises; recognises
recognisethatsuchemploymentisasource; recognise that such employment is a source
recommen dation; recommendation
recommen dations; recommendations
ref erence; reference
refer ence; reference
regardscasting; regards casting
regardtotemporaryappointments,anyone; regard to temporary appointments, anyone
regress ive; regressive
regret tably; regrettably
rehetoric; rhetoric
rel evant; relevant
rela tively; relatively
render ing; rendering
Rep resentatives; Representatives
Repatri ation; Repatriation
replenish ment; replenishment
Represen tatives; Representatives
repu tation; reputation
requir ing; requiring
require ments; requirements
res toration; restoration
reser vations; reservations
respDnse; response
respon sibilities; responsibilities
respon sible; responsible
responsi bility; responsibility
retrospec tive; retrospective
rev enue; revenue
Righi; Right
rungMr; rung Mr
s o; so
S ome; Some
s upporters; supporters
sal ary; salary
satisfac tory; satisfactory
scru tiny; scrutiny
sec ond; second
sec ondly; secondly
Sec retary; Secretary
sec tion; section
sec tions; sections
Secre taries; Secretaries
secu tiry; security
secur ity; security
see ing; seeing
seised; seized
selec tive; selective
Sep tember; September
ser vices; services
servicedblocks; serviced blocks
shallnot; shall not
sig nificant; significant
sig nificantly; significantly
sim plicity; simplicity
situ ation; situation
slalary; salary
small,but; small, but
so.far; so far
sol diers; soldiers
SouthWalespolicy; South Wales policy
Speaker,with; Speaker, with
StatcJ; States
state ment; statement
States.It; States. It
StGeorge; St George
StJohn; St John
struc ture; structure
sub ject; subject
Sub stantive; Substantive
subjects.may; subjects may
substan tially; substantially
substitut ing; substituting
suffer ing; suffering
sug gesting; suggesting
sugges tions; suggestions
sup plement; supplement
sup port; support
superannu ation; superannuation
supplemen tary; supplementary
Swit zerland; Switzerland
Syd ney; Sydney
sym pathetically; sympathetically
sys tem; system
t hat; that
t hese; these
t hrough; through
t o; to
ta-xes; taxes
Tariff.There; Tariff. There
Tarilf; Tariff
Tax ation; Taxation
tax ation; taxation
taxincludescapitalgains; tax includes capital gains
tbat; that
Tech nologies; Technologies
Telephoneoffice; Telephone office
temporaryemployes-andthetakingofthe; temporary employes - and the taking of the
tend ency; tendency
ter minal; terminal
Ter ritory; Territory
that ] will; that I will
that,as; that as
ThattheBillbe; That the Bill be
thatthese; that these
thatwhat; that what
the.salary; the salary
theaddition; the addition
thecommissioner; the commissioner
theEnglish; the English
them selves; themselves
thenhands; then hands
thepositionisyoung; the position is young
There fore; Therefore
therecommendation; the recommendation
thereforemove; therefore move
Thereisaprovisionin; There is a provision in
theremay; there may
theway; the way
thewedge; the wedge
thou sands; thousands
thug gery; thuggery
timecivil; time civil
timejustify; time justify
tne; the
toadvise; to advise
toattend; to attend
toinclude; to include
toshut; to shut
totheir; to their
tra dition; tradition
Training Vnit; Training Unit
transpDrt; transport
travel over seas; travel overseas
Treasuer; Treasurer
TreasurerMr; Treasurer Mr
tremen dous; tremendous
Tri bunal; Tribunal
tri bunal; tribunal
tri bunals; tribunals
trms; terms
truecourse; true course
U nder; Under
U nited; United 
Uberties; Liberties
under standing; understanding
underparliamentary; under parliamentary
undesir able; undesirable
undoubt edly; undoubtedly
unem ployment; unemployment
Unem ployment; Unemployment
unemploy ment; unemployment
unequivical; unequivocal
unfortu nately; unfortunately
Uni versity; University
unin terrupted; uninterrupted
uninten tional; unintentional
unpredictabe; unpredictable
val idity; validity
vari ous; various
ve hicle; vehicle
ve hicles; vehicles
Vic toria; Victoria
Vic torian; Victorian
visit ing; visiting
WDrkers; Workers
wDrking; working
Weareasked; We are asked
Wed nesday; Wednesday
wel fare; welfare
weregranted; were granted
Whatwould; What would
which ave; which have
which J believe; which I believe
whichpeasants; which peasants
who.are; who are
whohashadexperienceoftheworkofthe; who has had experience of the work of the
win dow; window
win ning; winning
witheach; with each
withhisservices; with his services
withinmy; within my
worth while; worthwhile
Wouldit; Would it
WQrks; Works
yearsshown; years shown
yes terday; yesterday
yourletterdated; your letter dated
1 rise; I rise
1he; the
A.L.P; ALP
A.N.Z.U.S; ANZUS
ablebodied; able bodied
ableto; able to
abonus; a bonus
abovementioned; above mentioned
accordancewith; accordance with
ActingMinister; Acting Minister
ActingPrime; Acting Prime
ActingTreasurer; Acting Treasurer
actionwas; action was
AddressinReply; Address in Reply
advantageof; advantage of
after13th; after 13th
afterthe; after the
againstthe; against the
AgentGeneral; Agent General
AgentsGeneral; Agents General
agood; a good
agreat; a great
airconditioned; air conditioned
airconditioning; air conditioning
aircraftsman; air craftsman
Al!; All
AlburyWodonga; Albury Wodonga
allimportant; all important
allnight; all night
allparty; all party
allround; all round
allthe; all the
allweather; all weather
althoughI; although I
alwavs; always
alwaysbeen; always been
amatter; a matter
amember; a member
anadjournment; an adjournment
anamendment; an amendment
andalso; and also
andat; and at
andCustoms; and Customs
andhe; and he
andI; and I
andis; and is
andit; and it
andmyself; and myself
andRailways; and Railways
andthat; and that
andthe; and the
AngloPersian; Anglo Persian
AngloSaxon; Anglo Saxon
anight; a night
answersto; answers to
answerto; answer to
Anthonysaid; Anthony said
antiAustralian; anti-Australian
antiCommunist; anti-Communist
antidumping; anti-dumping
antiinflationary; anti-inflationary
antiLabour; anti-Labour
antiSocialism; anti-Socialism
antiSocialists; anti-Socialists
AntiTrust; Anti-Trust
antiunion; anti-union
anyfurther; any further
anyof; any of
anyother; any other
anythingto; anything to
Anzac; ANZAC
Anzacs; ANZACs
Anzus; ANZUS
applegrowers; apple growers
appointmentof; appointment of
aproposal; a proposal
aquestion; a question
arbitary; arbitrary
ArbitrationCourt; Arbitration Court
arebeing; are being
areemployed; are employed
arein; are in
arelikely; are likely
arenot; are not
arequite; are quite
ArthurFadden; Arthur Fadden
asbeing; as being
ascertainwhat; ascertain what
asfollows; as follows
asI; as I
AsI; As I
asis; as is
aspossible; as possible
AssistantMinister; Assistant Minister
assistin; assist in
assoon; as soon
asthe; as the
asthey; as they
asto; as to
aswas; as was
aswe; as we
aswell; as well
atany; atany
atime; a time
attentionto; attention to
atthe; at the
atthis; at this
AttorneyGeneral's; Attorney General's
AttorneyGeneral; Attorney General
AttorneyGeneralship; Attorney Generalship
AttorneysGeneral; Attorneys General
atwhich; at which
AuditorGeneral's; Auditor General's
AuditorGeneral; Auditor General
Aus tralia; Australia
Aus.tralia; Australia
Aus.tralian; Australian
Ausralia; Australia
Austalian; Australian
Austrafia; Australia
Austraiian; Australian
Australia.I; Australia. I
Australianborn; Australian-born
Australiangrown; Australian grown
Australianism; Australianism
Australianmade; Australian made
Australianowned; Australian owned
Australiawide; Australia wide
Australiawill; Australia will
aview; a view
awhole; a whole
B.H.P; BHP
backblocks; back blocks
backcountry; back country
balancesheet; balance sheet
balancesheets; balance sheets
ballotbox; ballot box
ballotboxes; ballot boxes
ballotpaper; ballot paper
ballotpapers; ballot papers
bananagrowers; banana growers
basicwage; basic wage
basisof; basis of
beallowed; be allowed
beapplied; be applied
bearupon; bear upon
becauseit; because it
becauseof; because of
becausethe; because the
becausethey; because they
becausewe; because we
beconstrued; be construed
beenvery; been very
beforea; before a
beforeus; before us
believethat; believe that
bemade; be made
bethat; be that
bethe; be the
betweenthe; between the
bootmaking; boot making
BrigadierGeneral; Brigadier General
bringthe; bring the
broadminded; broad minded
brokenhearted; broken hearted
BrucePage; Bruce Page
Brysoninterjecting; Bryson interjecting
Budget.I; Budget. I
businesspaper; business paper
butI; but I
ButI; But I
butterboxes; butter boxes
buttermakers; butter makers
butthe; but the
butwe; but we
bv; by
bya; by a
byan; by an
byelection; by-election
byhim; by him
bylaw; by-law
bylaws; by-laws
byleave; by leave
byMr; by Mr
byproduct; by-product
byproducts; by-products
bythe; by the
C.B.E; CBE
C.S.I.R.O; CSIRO
Calwellinterjecting; Calwell interjecting
cameinto; came into
CanadianPacific; Canadian Pacific
candlemaking; candle making
cannotbe; cannot be
cansay; can say
capitalcities; capital cities
carriedout; carried out
carryout; carry out
carryover; carry over
caseof; case of
Castlereaghstreet; Castlereagh Street
catchcry; catch cry
cementmaking; cement making
cental; central
CHAIRMAN.Honorable; CHAIRMAN. Honorable
CHAIRMAN.I; CHAIRMAN. I
CHAIRMAN.If; CHAIRMAN. If
CHAIRMAN.Order; CHAIRMAN. Order
CHAIRMAN.The; CHAIRMAN. The
coalminer; coal miner
coalmines; coal mines
coalmining; coal mining
coalowners; coal owners
Colorvideo; Color video
Com.monwealth; Commonwealth
CommanderinChief; Commander in Chief
Commisioner; Commissioner
Common.wealth; Commonwealth
commonsense; common sense
Commonwealthowned; Commonwealth owned
CommonwealthState; Commonwealth State
Commowealth; Commonwealth
Communistcontrolled; Communist controlled
Communistled; Communist led
communitycreated; community created
ComptrollerGeneral; Comptroller General
conditionsof; conditions of
connexion; connection
connexionwith; connection with
considera; consider a
considerationbe; consideration be
considerationof; consideration of
considerthat; consider that
ConsulGeneral; Consul General
corespondence; correspondence
costofliving; cost of living
cottongrowers; cotton growers
cottongrowing; cotton growing
cottonseed; cotton seed
could.be; could be
couldbe; could be
couldnot; could not
countrv; country
countryis; country is
Courageousis; Courageous is
CourierMail; Courier Mail
courseof; course of
courtmartial; court martial
courtmartialled; court martialled
courtsmartial; courts martial
crossbred; cross bred
crossexamination; cross examination
crossexamine; cross examine
crossexamined; cross examined
crossheadings; cross headings
crosssection; cross section
CURTIN; Curtin
Curtininterjecting; Curtin interjecting
cuttable; cut table
cutthroat; cut throat
dairyfarmer; dairy farmer
dairyfarmers; dairy farmers
daylabour; day labour
dealingwith; dealing with
dealtwith; dealt with
dealwith; deal with
deathdealing; death dealing
decisionmaking; decision making
deepseated; deep seated
DeputyLeader; Deputy Leader
deputyleader; deputy leader
DeputyPrime; Deputy Prime
desireto; desire to
differenceof; difference of
directlv; directly
DirectorGeneral; Director General
discussthe; discuss the
doe3; does
doeshe; does he
doesnot; does not
Doesthe; Does the
doingso; doing so
DONALDCAMERON; DONALD CAMERON
doneso; done so
donewith; done with
donot; do not
doublebarrelled; double barrelled
doubtthat; doubt that
Dr.EVATT; Dr. EVATT
Dr.J; Dr. J
drawnto; drawn to
drillhall; drill hall
DuncanHughes; Duncan Hughes
duringthe; during the
dutv; duty
dutyof; duty of
eachparty; each party
earliestpossible; earliest possible
EdenMonaro; Eden Monaro
eightyeight; eighty-eight
Elizabethstreet; Elizabeth Street
elswhere; elsewhere
employe's; employee's 
employe; employee
employe; employee 
employes; employees
enginedrivers; engine drivers
EngineerinChief; Engineer in Chief
Englishspeaking; English-speaking
EstimatesinChief; Estimates in Chief
Estimateswere; Estimates were
everincreasing; ever increasing
evidencethat; evidence that
exAttorneyGeneral; ex-Attorney-General
exCommissioner; ex-Commissioner
exmember; ex-member
exmembers; ex-members
exMinister; ex-Minister
expecially; especially
expenditurein; expenditure in
exPostmasterGeneral; ex-Postmaster-General
exPrime; ex-Prime
exsecretary; ex-secretary
exSenator; ex-Senator
exservice; ex-service
exserviceman; ex-serviceman
exservicemen; ex-servicemen
Exservicemen; Ex-servicemen
exsoldier; ex-soldier
exsoldiers; ex-soldiers
exTreasurer; ex-Treasurer
factorv; factory
factthat; fact that
fairminded; fair minded 
farreaching; far-reaching
farsighted; far-sighted
Febraury; February
FederalConvention; Federal Convention
fiftyfive; fifty-five
firstclass; first class
firsthand; first hand
firstmentioned; first mentioned
fivesixths; five-sixths
fiveyear; five year
flyingboats; flying boats
for1908; for 1908
forall; for all
forBourke; for Bourke
forCapricornia; for Capricornia
forCowper; for Cowper
forebearance; forebearance
foreigngoing; foreign going
forFawkner; for Fawkner
forFremantle; for Fremantle
forGwydir; for Gwydir
forIllawarra; for Illawarra
forRiverina; for Riverina
forthe; for the
fortheir; for their
forthemselves; for themselves
forTrade; for Trade
fortyfive; forty-five
fortythree; forty-three
forWarringah; for Warringah
forWentworth; for Wentworth
forWest; for West
forWimmera; for Wimmera
foryears; for years
fourfifths; four-fifths
fouryears; four-years
FREDERICKSTEWART.There; FREDERICKSTEWART. There
freetrade; free trade
Freetrade; Free trade
freetrader; free trader
freetraders; free traders
from12.45; from 12.45
from1; from 1
from1d; from 1d
from1s; from 1s
fromthe; from the
fruitgrowers; fruit growers
Fruitgrowers; Fruit growers
fruitgrowing; fruit growing
fullblooded; full blooded
fullscale; full scale
fulltime; full time
galvanizediron; galvanized iron
gentlemanhas; gentleman has
getthe; get the
giltedged; gilt edged
giveany; give any
Givens; Givens
givento; given to
givethe; give the
giveto; give to
gladto; glad to
Go.vernment; Government
goasyouplease; go as you please
gooddeal; good deal
Goodfellow; Good fellow
goodlooking; good looking
Goodluck; Good luck 
goto; go to
Govemment; Government
Govenment; Government
Goverment; Government
Govern.ment; Government
Governent; Government
Government.It; Government. It
Governmentand; Government and
governmentcontrolled; government controlled
Governmentcontrolled; Government controlled
Governmenthas; Government has
Governmenthave; Government have
Governmenthouse; Government house
Governmentis; Government is
governmentowned; government owned
Governmentproposes; Government proposes
Governmentto; Government to
Governmentwould; Government would
Governmnent; Government
Governnent; Government
GovernorGeneral's; Governor General's
GovernorGeneral; Governor General
Governorof; Governor of
grapegrowing; grape growing
GreatBritain; Great Britain
greatdeal; great deal
greatnational; great national
h'onorable; honorable
H.M.A.S; HMAS
H.M.S; HMS
ha ve; have
ha3; has
hadbeen; had been
hadno; had no
halfadozen; half-a-dozen
halfamillion; half a million
halfanhour; half an hour
halfcastes; half castes
halfdozen; half dozen
halfpast; half past
halfyear; half year
handsof; hands of
hardandfast; hard and fast
hardhearted; hard hearted
hardworking; hard working
hasbeen; has been
hasdone; has done
Hashe; Has he
hasnot; has not
hastaken; has taken
hasthe; has the
hasto; has to
havea; have a
haveactually; have actually
havealready; have already
havealways; have always
havean; have an
haveany; have any
havebeen; have been
havebrought; have brought
havedone; have done
havehad; have had
haveno; have no
havenot; have not
havenow; have now
havesaid; have said
havetaken; have taken
havethe; have the
haveto; have to
Hayleninterjecting; Haylen interjecting
hearthe; hear the
heis; he is
HENRYWILLIS; HENRY WILLIS
hewas; he was
hewill; he will
hewould; he would
highclass; high class
HighCourt; High Court
highgrade; high grade
highhanded; high handed
highlypaid; highly paid
highpower; high power
highspeed; high speed
hirepurchase; hire purchase
HisExcellency; His Excellency
hisknowledge; his knowledge
hisown; his own
homeconsumption; home consumption
hon orable; honorable
Hon.Archie; Hon. Archie
Hon.G; Hon. G
Hon.Ian; Hon. Ian
hon.orable; honorable
honor.able; honorable
honor.orable; honororable
honora'ble; honorable
HONORABLE; Honorable
honorableand; honorable and
honorablefriend; honorable friend
honorablegentleman; honorable gentleman
honorablemember's; honorable member's
honorablemember; honorable member
honorablemembers; honorable members
Honorablemembers; Honorable members
honourmember's; honour member's
hopethat; hope that
hotelkeeper; hotel keeper
hotelkeepers; hotel keepers
Housein; House in
Housethe; House the
Houseto; House to
housetohouse; house to house
Howcould; How could
HydroElectric; Hydro Electric
i3; is
Ibelieve; I believe
Ican; I can
Icannot; I cannot
Idesire; I desire
ifhe; if he
ifI; if I
Ifso; If so
ifthe; if the
Ifthe; If the
ifthey; if they
Ifwe; If we
Ihave; I have
Ilansard; Hansard
illconsidered; ill considered
illfeeling; ill feeling
illhealth; ill health
illinformed; ill informed
illtimed; ill timed
illwill; ill will
Immigation; Immigration
Imove; I move
ImperialForce; Imperial Force
imposible; impossible
inAdelaide; in Adelaide
inAustralia; in Australia
increaseon; increase on
increasethe; increase the
Indianirrigation; Indian irrigation
indiarubber; india rubber
IndoChina; Indo China
indorse; endorse
indorsed; endorsed
indorsement; endorsement
indorses; endorses
indorsing; endorsing
ineach; in each
inevery; in every
infavour; in favour
inHansard; in Hansard
inhis; in his
inorder; in order
inregard; in regard
inreply; in reply
Inreply; In reply
insignis; insign is
insome; in some
InspectorGeneral; Inspector General
intendto; intend to
InterDepartmental; Inter-Departmental
Interestate; Inter-estate
interestsof; interests of
Intergovernment; Inter-government
inthe; in the
inthis; in this
intrust; entrust
inVictoria; in Victoria
Inview; In view
inWestern; in Western
inwhich; in which
Ironworkers; Iron workers
ironworkers; iron workers
Isaid; I said
isalso; is also
isas; is as
Isay; I say
isbeing; is being
isdone; is done
Ishall; I shall
Ishould; I should
isin; is in
Isit; Is it
Isleave; Is leave
isno; is no
isnot; is not
isnow; is now
ispaid; is paid
isperfectly; is perfectly
isquite; is quite
isshown; is shown
isso; is so
isthat; is that
isthe; is the
Isthe; Is the
isto; is to
isvery; is very
it.But; it. But
itcan; it can
ithas; it has
Ithas; It has
Ithink; I think
itis; it is
Itis; It is
Itrust; It rust
itshould; it should
itto; it to
itwas; it was
Itwas; It was
itwill; it will
itwould; it would
Iunderstand; I understand
Iwas; I was
Iwill; I will
Iwish; I wish
Iwould; I would
JOHNFORREST; JOHN FORREST
JOHNQUICK; JOHN QUICK
JOSEPHCOOK; JOSEPH COOK
JosephCook; Joseph Cook
JOSEPHCOOK__; JOSEPH COOK 
justifiedin; justified in
K.C.M.G; KCMG
K.C; KC
KalgoorliePort; Kalgoorlie Port
kanaka; Kanaka
kanakas; Kanakas
KingdomAustralia; Kingdom Australia
KingsfordSmith; Kingsford Smith
knowhow; know how
knowthat; know that
knowthe; know the
knowwhy; know why
LabourGovernment; Labour Government
LabourParty; Labour Party
Labourparty; Labour party
laboursaving; labour saving
laiddown; laid down
largescale; large scale
lastnamed; last named
lastyear; last year
lawabiding; law abiding
Leaderof; Leader of
leaveI; leave I
leaveto; leave to
lettercarrier; letter carrier
lettercarriers; letter carriers
lettersorters; letter sorters
lias; has
LiberalAustralian; Liberal Australian
LiberalCountry; Liberal Country
LiberalNational; Liberal National
licencefee; licence fee
LieutenantGeneral; Lieutenant General
LieutenantGovernor; Lieutenant Governor
lightkeepers; light keepers
likelyto; likely to
likethe; like the
LloydGeorge; Lloyd George
localgoverning; local governing
locallymanufactured; locally manufactured
longdistance; long distance
longrange; long range
longstanding; long standing
longterm; long term
loudmouthed; loud mouthed
lowgrade; low grade
Lt.Col; Lt Col
M'any; Many
m'ay; may
M'enzies; Menzies
M'r; Mr
Macquariestreet; Macquarie Street
made.I; made. I
madeavailable; made available
madeby; made by
madeon; made on
madethe; made the
madewith; made with
magnificient; magnificent
maintaina; maintain a
maizegrowers; maize growers
MajorGeneral; Major General
makinga; making a
manmade; man made
manycases; many cases
manyyears; many years
massproduction; mass production
mayhave; may have
maytake; may take
mayvery; may very
measureof; measure of
meatworks; meat works
mem'ber; member
mem'bers; members
mem.ber; member
membar; member
member'squestions; member's questions
memberfor; member for
memberhas; member has
members.I; members. I
membersfor; members for
membershave; members have
membershaving; members having
membersof; members of
membersto; members to
memberthat; member that
memberwould; member would
mentionedby; mentioned by
MenziesFadden; Menzies Fadden
Menzios; Menzies
middleaged; middle aged
mineowners; mine owners
Mini stry; Ministry
Ministerfor; Minister for
Ministerhas; Minister has
Ministerin; Minister in
MinisterinCharge; Minister in Charge
Ministor; Minister
minutesago; minutes ago
Mona.ro; Monaro
moneylending; money lending
moneyto; money to
moneywhich; money which
mostfavourednation; most favoured nation
motionhas; motion has
moveThat; move That
Mr.ACTING; Mr Acting
Mr.ARCHIE; Mr Archie
Mr.Boyd; Mr Boyd
Mr.Brennan; Mr Brennan
Mr.BRUCE; Mr Bruce
Mr.Calwell; Mr Calwell
Mr.CALWELL; Mr Calwell
Mr.Carr; Mr Carr
Mr.CASEY; Mr Casey
Mr.Charlton; Mr Charlton
Mr.CHARLTON; Mr Charlton
Mr.CHIFLEY; Mr Chifley
Mr.Chifley; Mr Chifley
Mr.Conroy; Mr Conroy
Mr.CONSIDINE; Mr Considine
Mr.Corser; Mr Corser
Mr.Cunningham; Mr Cunningham
Mr.Curtin; Mr Curtin
Mr.curtin; Mr Curtin
Mr.CURTIN; Mr. CURTIN
Mr.Deakin; Mr Deakin
Mr.DEDMAN; Mr Dedman
Mr.Deputy; Mr Deputy
Mr.F; Mr F
Mr.Fadden; Mr Fadden
Mr.Fenton; Mr Fenton
Mr.FENTON; Mr Fenton
Mr.Finlayson; Mr Finlayson
Mr.Fisher; Mr Fisher
Mr.Forde; Mr Forde
Mr.FORDE; Mr Forde
Mr.FOSTER; Mr Foster
Mr.FRANCIS; Mr Francis
Mr.Frazer; Mr Frazer
Mr.FRAZER; Mr Frazer
Mr.Fuller; Mr Fuller
Mr.GLYNN; Mr Glynn
Mr.Greene; Mr Greene
Mr.HOLLOWAY; Mr Holloway
Mr.HOLT; Mr Holt
Mr.Hughes; Mr Hughes
Mr.J; Mr J
Mr.James; Mr James
Mr.Joseph; Mr Joseph
Mr.JOSEPH; Mr. JOSEPH
Mr.Killen; Mr Killen
Mr.LAIRD; Mr Laird
Mr.LAZZARINI; Mr Lazzarini
Mr.MAHON; Mr Mahon
Mr.Mahony; Mr Mahony
Mr.Mauger; Mr Mauger
Mr.MAUGER; Mr Mauger
Mr.Maxwell; Mr Maxwell
Mr.Mc; Mr Mc
Mr.McWilliams; Mr Mcwilliams
Mr.Prowse; Mr Prowse
Mr.R; Mr R
Mr.REID; Mr Reid
Mr.Richard; Mr Richard
Mr.RILEY; Mr Riley
Mr.RIORDAN; Mr Riordan
Mr.Rodgers; Mr Rodgers
Mr.RODGERS; Mr Rodgers
Mr.Rosevear; Mr Rosevear
Mr.ROSEVEAR; Mr Rosevear
Mr.RYAN; Mr Ryan
Mr.SCULLIN; Mr Scullin
Mr.Scullin; Mr Scullin
Mr.scullin; Mr Scullin
Mr.V; Mr V
Mr.W; Mr W
Mr.WARD; Mr Ward
Mr.Watt; Mr Watt
Mr.WATT; Mr Watt
Mr.Webster; Mr Webster
Mr.WEBSTER; Mr Webster
Mr.West; Mr West
Mr.White; Mr White
Mr.Wilks; Mr Wilks
Mr.WILKS; Mr Wilks
Mr.WISE; Mr Wise
MrDEPUTY; Mr Deputy
MrLucock; Mr Lucock
MrMillarOrder; Mr Millar Order
MrSPEAKER; Mr Speaker
mustbe; must be
myown; my own
narrowminded; narrow minded
necesary; necessary
necessarv; necessary
necessarythat; necessary that
NewGuinea; New Guinea
NewSouth; New South
NewsPictorial; News Pictorial
NewZealand; New Zealand
ninepenny; nine penny
ninetenths; nine-tenths
ninetynine; ninety-nine
noconfidence; no confidence
noknowledge; no knowledge
nonAustralian; non-Australian
nonBritish; non-British
nonclaimant; non-claimant
noncommercial; non-commercial
noncommissioned; non-commissioned
noncommittal; non-committal
nonCommunist; non-Communist
noncompliance; non-compliance
noncontentious; non-contentious
nondefence; non-defence
nonessential; non-essential
nonessentials; non-essentials
nonEuropeans; non-Europeans
nonexistent; non-existent
nonfulfilment; non-fulfilment
nonLabor; non-Labor
nonLabour; non-Labour
nonofficial; non-official
nonpartisan; non-partisan
nonparty; non-party
nonpayment; non-payment
nonpolitical; non-political
nonprofessional; non-professional
nonproliferation; non-proliferation
nonrecurring; non-recurring
nonrepayable; non-repayable
nonresidential; non-residential
nonunion; non-union
nonunionist; non-unionist
nonunionists; non-unionists
noreason; no reason
northsouth; north-south
northwest; north-west
northwestern; north-western
notask; not ask
notaware; not aware
notbe; not be
notbeen; not been
nothave; not have
noticepaper; notice paper
notin; not in
notmore; not more
notprepared; not prepared
notthe; not the
notto; not to
nowbeing; now being
npt; not
numberof; number of
o'f; of
O.B.E; OBE
occured; occurred
oceangoing; ocean-going
ofany; of any
ofAustralia; of Australia
Ofcourse; Of course
officersI; officers I
ofinterest; of interest
ofNew; of New
ofour; of our
ofpeople; of people
ofsome; of some
ofsuch; of such
ofsugar; of sugar
ofthat; of that
ofthe; of the
oftheir; of their
ofthem; of them
ofthese; of these
oftheStates; of theStates
ofthis; of this
oftwo; of two
ofVictoria; of Victoria
OilRefineries; Oil Refineries
oldage; old age
Oldage; Old age
oldfashioned; old fashioned
onecan; one can
oneday; one day
onefifteenth; one-fifteenth
onefifth; one-fifth
onefourth; one-fourth
onehalf; one-half
onein; one in
oneman; one man
Oneof; One of
onequarter; one-quarter
onetenth; one-tenth
onethird; one-third
onetime; one time
onlv; only
onlyby; only by
onlyone; only one
onthe; on the
Onthe; On the
onthis; on this
onWednesday; on Wednesday
onwhich; on which
opinionthat; opinion that
Oposition; Opposition
OppositionI; Opposition I
oppositionto; opposition to
order.I; order. I
othercountries; other countries
otherindustries; other industries
otherpurposes; other purposes
otherswho; others who
oughtto; ought to
ourresources; our resources
outandout; out and out
outlaid; out laid
outofpocket; out of pocket
outthe; out the
overeas; overseas
overstrain; over strain
overthe; over the
Par.liament; Parliament
Parlaiment; Parliament
Parlia- ment; Parliament
Parliment; Parliament
partiallypaid; partially paid
partof; part of
partsof; parts of
parttime; part-time
partv; partu
passionfruit; passion fruit
pastrycooks; pastry cooks
paya; pay a
payasyouearn; pay as you earn
payasyougo; pay as you go
paymentof; payment of
payoff; pay off
people.This; people. This
peopleoutside; people outside
per100; per 100
platelaying; plate laying
pointblank; point blank
Pollardinterjecting; Pollard interjecting
PortAugusta; Port Augusta
PostmasterGeneral's; Postmaster General's
PostmasterGeneral; Postmaster General
PostmastersGeneral; Postmasters General
Postoffice; Post office
postoffice; post office
postoffices; post offices
potatogrowers; potato growers
potatogrowing; potato growing
povertystricken; poverty stricken
powersof; powers of
powerto; power to
pre,viously; previously
preelection; pre-election
preeminence; pre-eminence
prefederation; pre-federation
preparedto; prepared to
presentday; present day
presentGovernment; present Government
preventthe; prevent the
prevous; previous
prewar; pre-war
pricefixing; price fixing
priceof; price of
primafacie; prima facie
primaryproducing; primary producing
PrimeMinister; Prime Minister
privatelyowned; privately owned
productionof; productiono f
profitmaking; profit-making
profitsharing; profit-sharing
propertyowners; property owners
proposedto; proposed to
proposeto; propose to
providea; provide a
providedfor; provided for
providesfor; provides for
PublicService; Public Service
publishedin; published in
purposeof; purpose of
pursestrings; purse strings
Q.C; QC
quadraplegic; quadriplegic
quantityof; quantity of
Queeusland; Queensland
Quensland; Queensland
questionof; question of
Questionresolved; Question resolved
Quorumformed; Quorum formed
R.A.A.F; RAAF
R.M.S; RMS
R.S.L; RSL
rankandfile; rank and file
Rankininterjecting; Rankin interjecting
rawsugar; raw sugar
reada; read a
realizethat; realize that
reallv; really
reasonfor; reason for
reasonwhy; reason why
recieved; received
redtape; red tape
reducethe; reduce the
reelected; re-elected
reelection; re-election
reemployed; re-employed
reemployment; re-employment
reestablish; re-establish
reestablished; re-established
reestablishment; re-establishment
Reestablishment; Re-establishment
referredto; referred to
refreshmentrooms; refreshment rooms
regardingthe; regarding the
regardto; regard to
replyto; reply to
reponsibility; responsibility
Represenatives; Representatives
residental; residential
responsiblity; responsibility
revenueproducing; revenue producing
revenuewhich; revenue which
righthonorable; right honorable
rightto; right to
riotcontrol; riot control
riseto; rise to
roadmaking; road making
rollingstock; rolling stock
S.O.S; SOS
saidthat; said that
secondhand; second hand
secondreading; second reading
secondtime; second time
SecretaryGeneral; Secretary General
section6; section 6
SecurityRegulations; Security Regulations
seemsto; seems to
seethat; see that
selfcontained; self-contained
selfdefence; self defence
selfdetermination; self determination
selfevident; self evident
selfgoverning; self governing
selfgovernment; self government
selfhumiliated; self humiliated
selfinflicted; self inflicted
selfinterest; self interest
selfpreservation; self preservation
selfreliance; self reliance
selfreliant; self reliant
selfrespecting; self respecting
selfsacrificing; self sacrificing
selfstyled; self styled
selfsupporting; self-supporting
semigovernment; semi-government
semigovernmental; semi governmental
semiofficial; semi official
semipolitical; semi political
semipublic; semi public
SenatorRussell; Senator Russell
September1979; September 1979
sergeantmajor; sergeant major
SerjeantatArms; Serjeant at Arms
setby; set by
setout; set out
Seullin; Scullin
seventyfive; seventy-five
Shakspeare; Shakespeare
sheepfarmers; sheep farmers
shipmaster; ship master
Shipmasters; Ship masters
shorthanded; short handed
shortsighted; short sighted
shortsightedness; short sightedness
shouldbe; should be
shouldhave; should have
shouldnot; should not
showgrounds; show grounds
showthat; show that
signedarticle; signed article
sincethe; since the
SirJohn; Sir John
SirJOHN; Sir John
SirWILLIAM; Sir William
SirWilliam; Sir William
Sittingsuspended; Sitting suspended
sixmonthly; six-monthly
sixtyfive; sixty-five
sixtyfour; sixty-four
socalled; so called
sofar; so far
Sofar; So far
softgoods; soft goods
SolicitorGeneral; Solicitor General
someof; some of
sothat; so that
SouthAustralia; South Australia
SouthEast; South East
southeastern; south-eastern
SouthWales; South Wales
southwest; south-west
SouthWest; South-West
Southwest; South-west
Speaker.I; Speaker. I
Speakerhas; Speaker has
Speechwhich; Speech which
spoonfed; spoon-fed
standardgauge; standard gauge
startingprice; starting price
StateGovernments; State Governments
statement.I; statement. I
StatementMotion; Statement Motion
stateof; state of
Stateowned; State owned
StatesGovernments; States Governments
statutebook; statute book
stillbe; still be
stockfeed; stock feed
stockintrade; stock in trade
stockowners; stock-owners
straightaway; straight away
straightout; straight out
straightway; straight way
stripperharvesters; stripper harvesters
SubCommittee; Sub-Committee
subdepartments; sub-departments
subdividers; sub-dividers
subdivisional; sub-divisional
subject.I; subject. I
subjectmatter; subject matter
subjectmatters; subject matters
submitthat; submit that
successfuly; successfully
sucha; such a
Suchan; Such an
suchas; such as
sugarcane; sugar cane
sugargrowers; sugar growers
sugargrowing; sugar growing
sugarproducing; sugar producing
suggestthat; suggest that
sulphurbearing; sulphur bearing
SurveyorGeneral; Surveyor General
svstem; system
Sydnev; Sydney
synonomous; synonymous
systemin; system in
T.N.T; TNT
takea; take a
takento; taken to
takeoff; take off
takethe; taket he
takingthe; taking the
talkabout; talk about
Tasmaniaand; Tasmania and
taxfree; tax-free
tenyear; ten year
Terirtory; Territory
th'at; that
th'e; the
th'ey; they
th'is; this
th.e; the
th9; the
th:s; this
tha't; that
tha.t; that
thanfive; than five
thanthey; than they
that.I; that I
that.it; that it
that1; that 1
that_; that 
thata; that a
thatall; that all
thatan; that an
thatcan; that can
thatcountry; that country
thathave; that have
thathe; that he
thatI; that I
thatif; that if
thatin; that in
thatis; that is
Thatis; That is
thatit; that it
thatno; that no
thatof; that of
thatprovision; that provision
thatState; that State
thatthe; that the
thatthere; that there
thatthey; that they
thatwas; that was
thatwe; that we
the11th; the 11th
the14th; the 14th
the15th; the 15th
the18th; the 18th
the1; the 1
the1st; the 1st
the9th; the 9th
tHe; the
THe; The 
the_; the 
theAct; the Act
theambit; the ambit
theamendment; the amendment
theamount; the amount
Theanswers; The answers
theArmy; the Army
theAustralian; the Australian
thebest; the best
thebill; the bill
theBill; the Bill
Thebill; The bill
theboard; the board
theboot; the boot
thebusiness; the business
theCanadian; the Canadian
thecases; the cases
TheCH; The CH
theChair; the Chair
theChief; the Chief
theclause; the clause
thecoal; the coal
thecommittee; the committee
theCommon; the Common
theCommonwealth; the Commonwealth
TheCommonwealth; The Commonwealth
theCommunist; the Communist
thecommunity; the community
theConstitution; the Constitution
theconstruction; the construction
thecost; the cost
thecountry; the country
theCourt; the Court
thecredit; the credit
theday; the day
theDefence; the Defence
theDepartment; the Department
thedeputy; the deputy
thedesire; the desire
thedifficulty; the difficulty
theduties; the duties
theduty; the duty
theeconomic; the economic
theelector'spreference; the elector's preference
theend; the end
theestablishment; the establishment
theEstimates; the Estimates
theexisting; the existing
theexpression; the expression
thefact; the fact
theFederal; the Federal
thefinances; the finances
thefirst; the first
thefollowing; the following
thefreight; the freight
theGovernment; the Government
TheGovernment; The Government
theground; the ground
thegrowers; the growers
thehead; the head
thehigh; the high
Thehonorable; The honorable
thehonorable; the honorable
theHouse; the House
theindustrial; the industrial
theintroduction; the introduction
theirway; their way
thelabour; the labour
theLabour; the Labour
theland; the land
thelast; the last
theLeader; the Leader
thelocal; the local
them.I; them. I
themaintenance; the maintenance
themajority; the majority
Themajority; The majority
theman; the man
thematter; the matter
Thematter; The matter
themfor; them for
theMinister; the Minister
themore; the more
themost; the most
themotion; the motion
theNavy; the Navy
thenew; the new
thenumber; the number
theonly; the only
Theonly; The only
theoperation; the operation
theopinion; the opinion
theOpposition; the Opposition
theother; the other
theowners; the owners
thepaper; the paper
theParliament; the Parliament
theparty; the party
thepassing; the passing
thepayment; the payment
thepeople; the people
thepolicy; the policy
theposition; the position
thePost; the Post
ThePostmasterGeneral; The Postmaster General
thepower; the power
thepractice; the practice
thePremier; the Premier
thepresent; the present
thepress; the press
theprice; the price
thePrices; the Prices
thePrime; the Prime
theproblem; the problem
theproduction; the production
theproposal; the proposal
thepublic; the public
thePublic; the Public
thepurpose; the purpose
thequestion; the question
Thereare; There are
thereare; there are
Therebeing; There being
therefor; there for
therehas; there has
Thereis; There is
thereis; there is
thereport; the report
thereshould; there should
therest; the rest
therewas; there was
therewere; there were
theright; the right
therights; the rights
theRoyal; the Royal
thesame; the same
thescheme; the scheme
thesemen; the semen
theSenate; the Senate
theservice; the service
thesettlement; the settlement
theState; the State
theStates; the States
thesubject; the subject
thetable; the table
theTariff; the Tariff
theterms; the terms
theTreasurer; the Treasurer
theUnited; the United
theuse; the use
thev; they
thevery; the very
thevessels; the vessels
theVictorian; the Victorian
theWar; the War
thewelfare; the welfare
thewhole; the whole
theword; the word
thewords; the words
thework; the work
theworld; the world
theyare; they are
theyear; the year
theyhave; they have
thi3; this
thin'k; think
thinkthat; think that
thinkthe; think the
thinkwe; think we
thirtyfive; thirty-five
thirtynine; thirty-nine
thirtyninth; thirty-ninth
thirtyone; thirty-one
thirtythree; thirty-three
thirtytwo; thirty-two
thirtyyears; thirty years
thisbill; this bill
thisclause; this clause
thisCommonwealth; this Commonwealth
thisconnexion; this connexion
thiscountry; this country
thisGovernment; this Government
thisHouse; this House
thislegislation; this legislation
thismatter; this matter
thismeasure; this measure
thisParliament; this Parliament
thisparticular; this particular
thispurpose; this purpose
thisside; this side
thissplendid; this splendid
thissubject; this subject
thissubstantialincreaseintheJapaneseshareof; this substantial increase in the Japanese share of
thisyear; this year
thosein; those in
thosewho; those who
Thosewho; Those who
thoughtout; thought out
threefourths; three-fourths
threequarters; three-quarters
threeyear; three year
threeyears; three years
throughoutAustralia; throughout Australia
time.I; time. I
timehonoured; time honoured
timein; time in
timeoff; time off
toact; to act
toallow; to allow
toascertain; to ascertain
toask; to ask
tobaccogrowers; tobacco growers
tobaccogrowing; tobacco growing
tobe; to be
tobring; to bring
tocarry; to carry
tocome; to come
todeal; to deal
todecide; to decide
todiscuss; to discuss
todo; to do
toenable; to enable
toexercise; to exercise
tofind; to find
toget; to get
togive; to give
togo; to go
tohave; to have
tohim; to him
tohis; to his
tohonorable; to honorable
toimprove; to improve
toit; to it
toknow; to know
tolearn; to learn
tomake; to make
TomBurke; Tom Burke
tomeet; to meet
tomove; to move
tomy; to my
Tomy; To my
toobtain; to obtain
topass; to pass
topay; to pay
toprevent; to prevent
toproceed; to proceed
toprovide; to provide
toput; to put
toRed; to Red
torequire; to require
tosay; to say
tosecure; to secure
tosee; to see
toserve; to serve
tospeak; to speak
tostate; to state
tosubmit; to submit
tosupply; to supply
totake; to take
tothat; to that
tothe; to the
tothem; to them
tothis; to this
totime; to time
toto; to to
tous; to us
toWestern; to Western
towhich; to which
towork; to work
toyour; to your
tracklaying; track-laying
tradertotrader; trader to trader
tradeunion; trade union
TransAustralia; Trans-Australia
TransAustralian; Trans-Australian
treasurybills; treasury bills
Treasurybills; Treasury bills
treefelling; tree felling
treefruitgrowers; tree-fruit growers
triedto; tried to
Tt; It
twentyeight; twenty-eight
twentyfive; twenty-five
twentyfour; twenty four
twentynine; twenty-nine
twentyone; twenty-one
twentysecond; twenty-second
Twentysecond; Twenty-second
twentyseven; twenty-seven
twoairline; two airline
twomore; two more
twothirds; two-thirds 
twoyears; two years
U.K; UK
U.N.C.T.A.D; UNCTAD
U.N; UN
U.S.A; USA
U.S.L.R; USLR
U.S.S.R; USSR
U.S; US
unAustralian; un-Australian
UnderSecretary; Under Secretary
understandthe; understand the
upona; upon a
uponnotice; upon notice
uponthe; upon the
uponthis; upon this
uponto; upon to
upto; up to
Upto; Up to
uptodate; up-to-date
usby; us by
usenow; use now
V.I.P; VIP
verv; very
verylittle; very little
verymuch; very much
verywell; very well
VicePresident; Vice President
vicevers; vice versa
viewof; view of
visavis; vis-a-vis
votefor; vote for
W.A; WA
wageearner; wage earner
wageearners; wage earners
wagefixing; wage fixing
wantofconfidence; want of confidence
Wardinterjecting; Ward interjecting
Warworkers; War workers
wasa; was a
waselected; was elected
wasmade; was made
wasno; was no
wasnot; was not
wasreduced; was reduced
wasso; was so
wastepaper; waste paper
wasthat; was that
wasthe; was the
wc; we
wealthproducing; wealth producing
weare; we are
Weare; We are
wecan; we can
Wecan; We can
wecannot; we cannot
wegive; we give
wehave; we have
Wehave; We have
wellbalanced; well balanced
wellbeing; well-being
welldefined; well defined
wellestablished; well established
wellknown; well known
wellmeaning; well meaning
wellnigh; well nigh
wellorganized; well organized
welltodo; well to do
wemay; we may
wemust; we must
Wentwortb; Wentworth
werea; were a
weshall; we shall
weshould; we should
whatare; what are
whatI; what I
whatis; what is
whatmay; what may
whatthe; what the
wheatfarmer; wheat farmer
wheatfarmers; wheat farmers
wheatgrower; wheat grower
wheatgrowers; wheat growers
Wheatgrowers; Wheat growers
wheatgrowing; wheat growing
wheatlands; wheat lands
wheatproducing; wheat producing
whenhe; when he
whenI; when I
WhenI; When I
whenthe; when the
Whenthe; When the
whenwe; when we
whereasthe; whereas the
whereever; where ever
whereI; where I
whetherany; whether any
whetherthe; whether the
whichare; which are
whichhas; which has
whichhe; which he
whichI; which I
whichis; which is
whichit; which it
whichthe; which the
whichthere; which there
whichwe; which we
whichwould; which would
whieh; which
WhileI; While I
whitelabour; white labour
Whitiam; Whitlam
WHITLAM; Whitlam
whoare; who are
whohave; who have
whomhe; whom he
whomI; whom I
whomthe; whom the
whosename; whose name
whowere; who were
whowould; who would
whv; why
Whv; Why
willbe; will be
willgo; will go
Willhe; Will he
willhe; will he
WilliamIrvine; William Irvine
WILLIAMLYNE; WILLIAM LYNE
WILLIAMMcMILLAN; WILLIAM McMILLAN
WILLIAMMCMILLAN; WILLIAM MCMILLAN
willthe; will the
willynilly; willy nilly
wirenetting; wire netting
wishto; wish to
withby; with by
withinthe; within the
withmy; with my
withsuch; with such
withthe; with the
withthis; with this
woolgrower; wool grower
Woolgrowers; Wool growers
woolgrowers; wool growers
woolproducing; wool producing
wordsand; words and
wordsin; words in
workingclass; working class
workingmen's; working men's
woul'd; would
would.be; would be
wouldbe; would be
wouldfind; would find
wouldhave; would have
wouldnot; would not
YassCanberra; Yass Canberra
YearBook; Year Book