"http://parlinfo.aph.gov.au/parlInfo/search/summary/summary.w3p;adv=yes;orderBy=_fragment_number,doc_date-rev;page=2;query=Dataset%3Ahansards,hansards80;resCount=Default",
"http://parlinfo.aph.gov.au/parlInfo/search/summary/summary.w3p;adv=yes;orderBy=_fragment_number,doc_date-rev;page=3;query=Dataset%3Ahansards,hansards80;resCount=Default",
"http://parlinfo.aph.gov.au/parlInfo/search/summary/summary.w3p;adv=yes;orderBy=_fragment_number,doc_date-rev;page=4;query=Dataset%3Ahansards,hansards80;resCount=Default",
"http://parlinfo.aph.gov.au/parlInfo/search/summary/summary.w3p;adv=yes;orderBy=_fragment_number,doc_date-rev;page=5;query=Dataset%3Ahansards,hansards80;resCount=Default",
"http://parlinfo.aph.gov.au/parlInfo/search/summary/summary.w3p;adv=yes;orderBy=_fragment_number,doc_date-rev;page=6;query=Dataset%3Ahansards,hansards80;resCount=Default",
"http://parlinfo.aph.gov.au/parlInfo/search/summary/summary.w3p;adv=yes;orderBy=_fragment_number,doc_date-rev;page=7;query=Dataset%3Ahansards,hansards80;resCount=Default",
"http://parlinfo.aph.gov.au/parlInfo/search/summary/summary.w3p;adv=yes;orderBy=_fragment_number,doc_date-rev;page=8;query=Dataset%3Ahansards,hansards80;resCount=Default",
"http://parlinfo.aph.gov.au/parlInfo/search/summary/summary.w3p;adv=yes;orderBy=_fragment_number,doc_date-rev;page=9;query=Dataset%3Ahansards,hansards80;resCount=Default",
"http://parlinfo.aph.gov.au/parlInfo/search/summary/summary.w3p;adv=yes;orderBy=_fragment_number,doc_date-rev;page=10;query=Dataset%3Ahansards,hansards80;resCount=Default",
"http://parlinfo.aph.gov.au/parlInfo/search/summary/summary.w3p;adv=yes;orderBy=_fragment_number,doc_date-rev;page=11;query=Dataset%3Ahansards,hansards80;resCount=Default",
"http://parlinfo.aph.gov.au/parlInfo/search/summary/summary.w3p;adv=yes;orderBy=_fragment_number,doc_date-rev;page=12;query=Dataset%3Ahansards,hansards80;resCount=Default",
"http://parlinfo.aph.gov.au/parlInfo/search/summary/summary.w3p;adv=yes;orderBy=_fragment_number,doc_date-rev;page=13;query=Dataset%3Ahansards,hansards80;resCount=Default",
"http://parlinfo.aph.gov.au/parlInfo/search/summary/summary.w3p;adv=yes;orderBy=_fragment_number,doc_date-rev;page=14;query=Dataset%3Ahansards,hansards80;resCount=Default",
"http://parlinfo.aph.gov.au/parlInfo/search/summary/summary.w3p;adv=yes;orderBy=_fragment_number,doc_date-rev;page=15;query=Dataset%3Ahansards,hansards80;resCount=Default",
"http://parlinfo.aph.gov.au/parlInfo/search/summary/summary.w3p;adv=yes;orderBy=_fragment_number,doc_date-rev;page=16;query=Dataset%3Ahansards,hansards80;resCount=Default",
"http://parlinfo.aph.gov.au/parlInfo/search/summary/summary.w3p;adv=yes;orderBy=_fragment_number,doc_date-rev;page=17;query=Dataset%3Ahansards,hansards80;resCount=Default",
"http://parlinfo.aph.gov.au/parlInfo/search/summary/summary.w3p;adv=yes;orderBy=_fragment_number,doc_date-rev;page=18;query=Dataset%3Ahansards,hansards80;resCount=Default",
"http://parlinfo.aph.gov.au/parlInfo/search/summary/summary.w3p;adv=yes;orderBy=_fragment_number,doc_date-rev;page=19;query=Dataset%3Ahansards,hansards80;resCount=Default",
"http://parlinfo.aph.gov.au/parlInfo/search/summary/summary.w3p;adv=yes;orderBy=_fragment_number,doc_date-rev;page=20;query=Dataset%3Ahansards,hansards80;resCount=Default",
"http://parlinfo.aph.gov.au/parlInfo/search/summary/summary.w3p;adv=yes;orderBy=_fragment_number,doc_date-rev;page=21;query=Dataset%3Ahansards,hansards80;resCount=Default",
"http://parlinfo.aph.gov.au/parlInfo/search/summary/summary.w3p;adv=yes;orderBy=_fragment_number,doc_date-rev;page=22;query=Dataset%3Ahansards,hansards80;resCount=Default",
"http://parlinfo.aph.gov.au/parlInfo/search/summary/summary.w3p;adv=yes;orderBy=_fragment_number,doc_date-rev;page=23;query=Dataset%3Ahansards,hansards80;resCount=Default",
"http://parlinfo.aph.gov.au/parlInfo/search/summary/summary.w3p;adv=yes;orderBy=_fragment_number,doc_date-rev;page=24;query=Dataset%3Ahansards,hansards80;resCount=Default",
"http://parlinfo.aph.gov.au/parlInfo/search/summary/summary.w3p;adv=yes;orderBy=_fragment_number,doc_date-rev;page=25;query=Dataset%3Ahansards,hansards80;resCount=Default",
"http://parlinfo.aph.gov.au/parlInfo/search/summary/summary.w3p;adv=yes;orderBy=_fragment_number,doc_date-rev;page=26;query=Dataset%3Ahansards,hansards80;resCount=Default",
"http://parlinfo.aph.gov.au/parlInfo/search/summary/summary.w3p;adv=yes;orderBy=_fragment_number,doc_date-rev;page=27;query=Dataset%3Ahansards,hansards80;resCount=Default",
"http://parlinfo.aph.gov.au/parlInfo/search/summary/summary.w3p;adv=yes;orderBy=_fragment_number,doc_date-rev;page=28;query=Dataset%3Ahansards,hansards80;resCount=Default",
"http://parlinfo.aph.gov.au/parlInfo/search/summary/summary.w3p;adv=yes;orderBy=_fragment_number,doc_date-rev;page=29;query=Dataset%3Ahansards,hansards80;resCount=Default",
"http://parlinfo.aph.gov.au/parlInfo/search/summary/summary.w3p;adv=yes;orderBy=_fragment_number,doc_date-rev;page=30;query=Dataset%3Ahansards,hansards80;resCount=Default",
"http://parlinfo.aph.gov.au/parlInfo/search/summary/summary.w3p;adv=yes;orderBy=_fragment_number,doc_date-rev;page=31;query=Dataset%3Ahansards,hansards80;resCount=Default",
"http://parlinfo.aph.gov.au/parlInfo/search/summary/summary.w3p;adv=yes;orderBy=_fragment_number,doc_date-rev;page=32;query=Dataset%3Ahansards,hansards80;resCount=Default",
"http://parlinfo.aph.gov.au/parlInfo/search/summary/summary.w3p;adv=yes;orderBy=_fragment_number,doc_date-rev;page=33;query=Dataset%3Ahansards,hansards80;resCount=Default",
"http://parlinfo.aph.gov.au/parlInfo/search/summary/summary.w3p;adv=yes;orderBy=_fragment_number,doc_date-rev;page=34;query=Dataset%3Ahansards,hansards80;resCount=Default",
"http://parlinfo.aph.gov.au/parlInfo/search/summary/summary.w3p;adv=yes;orderBy=_fragment_number,doc_date-rev;page=35;query=Dataset%3Ahansards,hansards80;resCount=Default",
"http://parlinfo.aph.gov.au/parlInfo/search/summary/summary.w3p;adv=yes;orderBy=_fragment_number,doc_date-rev;page=36;query=Dataset%3Ahansards,hansards80;resCount=Default",
"http://parlinfo.aph.gov.au/parlInfo/search/summary/summary.w3p;adv=yes;orderBy=_fragment_number,doc_date-rev;page=37;query=Dataset%3Ahansards,hansards80;resCount=Default",
"http://parlinfo.aph.gov.au/parlInfo/search/summary/summary.w3p;adv=yes;orderBy=_fragment_number,doc_date-rev;page=38;query=Dataset%3Ahansards,hansards80;resCount=Default",
"http://parlinfo.aph.gov.au/parlInfo/search/summary/summary.w3p;adv=yes;orderBy=_fragment_number,doc_date-rev;page=39;query=Dataset%3Ahansards,hansards80;resCount=Default",
"http://parlinfo.aph.gov.au/parlInfo/search/summary/summary.w3p;adv=yes;orderBy=_fragment_number,doc_date-rev;page=40;query=Dataset%3Ahansards,hansards80;resCount=Default",
"http://parlinfo.aph.gov.au/parlInfo/search/summary/summary.w3p;adv=yes;orderBy=_fragment_number,doc_date-rev;page=41;query=Dataset%3Ahansards,hansards80;resCount=Default",
"http://parlinfo.aph.gov.au/parlInfo/search/summary/summary.w3p;adv=yes;orderBy=_fragment_number,doc_date-rev;page=42;query=Dataset%3Ahansards,hansards80;resCount=Default",
"http://parlinfo.aph.gov.au/parlInfo/search/summary/summary.w3p;adv=yes;orderBy=_fragment_number,doc_date-rev;page=43;query=Dataset%3Ahansards,hansards80;resCount=Default",
"http://parlinfo.aph.gov.au/parlInfo/search/summary/summary.w3p;adv=yes;orderBy=_fragment_number,doc_date-rev;page=44;query=Dataset%3Ahansards,hansards80;resCount=Default",
"http://parlinfo.aph.gov.au/parlInfo/search/summary/summary.w3p;adv=yes;orderBy=_fragment_number,doc_date-rev;page=45;query=Dataset%3Ahansards,hansards80;resCount=Default",
"http://parlinfo.aph.gov.au/parlInfo/search/summary/summary.w3p;adv=yes;orderBy=_fragment_number,doc_date-rev;page=46;query=Dataset%3Ahansards,hansards80;resCount=Default",
"http://parlinfo.aph.gov.au/parlInfo/search/summary/summary.w3p;adv=yes;orderBy=_fragment_number,doc_date-rev;page=47;query=Dataset%3Ahansards,hansards80;resCount=Default",
"http://parlinfo.aph.gov.au/parlInfo/search/summary/summary.w3p;adv=yes;orderBy=_fragment_number,doc_date-rev;page=48;query=Dataset%3Ahansards,hansards80;resCount=Default",
"http://parlinfo.aph.gov.au/parlInfo/search/summary/summary.w3p;adv=yes;orderBy=_fragment_number,doc_date-rev;page=49;query=Dataset%3Ahansards,hansards80;resCount=Default",
"http://parlinfo.aph.gov.au/parlInfo/search/summary/summary.w3p;adv=yes;orderBy=_fragment_number,doc_date-rev;page=50;query=Dataset%3Ahansards,hansards80;resCount=Default",
"http://parlinfo.aph.gov.au/parlInfo/search/summary/summary.w3p;adv=yes;orderBy=_fragment_number,doc_date-rev;page=51;query=Dataset%3Ahansards,hansards80;resCount=Default",
"http://parlinfo.aph.gov.au/parlInfo/search/summary/summary.w3p;adv=yes;orderBy=_fragment_number,doc_date-rev;page=52;query=Dataset%3Ahansards,hansards80;resCount=Default",
"http://parlinfo.aph.gov.au/parlInfo/search/summary/summary.w3p;adv=yes;orderBy=_fragment_number,doc_date-rev;page=53;query=Dataset%3Ahansards,hansards80;resCount=Default",
"http://parlinfo.aph.gov.au/parlInfo/search/summary/summary.w3p;adv=yes;orderBy=_fragment_number,doc_date-rev;page=54;query=Dataset%3Ahansards,hansards80;resCount=Default",
"http://parlinfo.aph.gov.au/parlInfo/search/summary/summary.w3p;adv=yes;orderBy=_fragment_number,doc_date-rev;page=55;query=Dataset%3Ahansards,hansards80;resCount=Default",
"http://parlinfo.aph.gov.au/parlInfo/search/summary/summary.w3p;adv=yes;orderBy=_fragment_number,doc_date-rev;page=56;query=Dataset%3Ahansards,hansards80;resCount=Default",
"http://parlinfo.aph.gov.au/parlInfo/search/summary/summary.w3p;adv=yes;orderBy=_fragment_number,doc_date-rev;page=57;query=Dataset%3Ahansards,hansards80;resCount=Default",
"http://parlinfo.aph.gov.au/parlInfo/search/summary/summary.w3p;adv=yes;orderBy=_fragment_number,doc_date-rev;page=58;query=Dataset%3Ahansards,hansards80;resCount=Default",
"http://parlinfo.aph.gov.au/parlInfo/search/summary/summary.w3p;adv=yes;orderBy=_fragment_number,doc_date-rev;page=59;query=Dataset%3Ahansards,hansards80;resCount=Default",
"http://parlinfo.aph.gov.au/parlInfo/search/summary/summary.w3p;adv=yes;orderBy=_fragment_number,doc_date-rev;page=60;query=Dataset%3Ahansards,hansards80;resCount=Default",
"http://parlinfo.aph.gov.au/parlInfo/search/summary/summary.w3p;adv=yes;orderBy=_fragment_number,doc_date-rev;page=61;query=Dataset%3Ahansards,hansards80;resCount=Default",
"http://parlinfo.aph.gov.au/parlInfo/search/summary/summary.w3p;adv=yes;orderBy=_fragment_number,doc_date-rev;page=62;query=Dataset%3Ahansards,hansards80;resCount=Default",
"http://parlinfo.aph.gov.au/parlInfo/search/summary/summary.w3p;adv=yes;orderBy=_fragment_number,doc_date-rev;page=63;query=Dataset%3Ahansards,hansards80;resCount=Default",
"http://parlinfo.aph.gov.au/parlInfo/search/summary/summary.w3p;adv=yes;orderBy=_fragment_number,doc_date-rev;page=64;query=Dataset%3Ahansards,hansards80;resCount=Default",
"http://parlinfo.aph.gov.au/parlInfo/search/summary/summary.w3p;adv=yes;orderBy=_fragment_number,doc_date-rev;page=65;query=Dataset%3Ahansards,hansards80;resCount=Default",
"http://parlinfo.aph.gov.au/parlInfo/search/summary/summary.w3p;adv=yes;orderBy=_fragment_number,doc_date-rev;page=66;query=Dataset%3Ahansards,hansards80;resCount=Default",
"http://parlinfo.aph.gov.au/parlInfo/search/summary/summary.w3p;adv=yes;orderBy=_fragment_number,doc_date-rev;page=67;query=Dataset%3Ahansards,hansards80;resCount=Default",
"http://parlinfo.aph.gov.au/parlInfo/search/summary/summary.w3p;adv=yes;orderBy=_fragment_number,doc_date-rev;page=68;query=Dataset%3Ahansards,hansards80;resCount=Default",
"http://parlinfo.aph.gov.au/parlInfo/search/summary/summary.w3p;adv=yes;orderBy=_fragment_number,doc_date-rev;page=69;query=Dataset%3Ahansards,hansards80;resCount=Default",
"http://parlinfo.aph.gov.au/parlInfo/search/summary/summary.w3p;adv=yes;orderBy=_fragment_number,doc_date-rev;page=70;query=Dataset%3Ahansards,hansards80;resCount=Default",
"http://parlinfo.aph.gov.au/parlInfo/search/summary/summary.w3p;adv=yes;orderBy=_fragment_number,doc_date-rev;page=71;query=Dataset%3Ahansards,hansards80;resCount=Default",
"http://parlinfo.aph.gov.au/parlInfo/search/summary/summary.w3p;adv=yes;orderBy=_fragment_number,doc_date-rev;page=72;query=Dataset%3Ahansards,hansards80;resCount=Default",
"http://parlinfo.aph.gov.au/parlInfo/search/summary/summary.w3p;adv=yes;orderBy=_fragment_number,doc_date-rev;page=73;query=Dataset%3Ahansards,hansards80;resCount=Default",
"http://parlinfo.aph.gov.au/parlInfo/search/summary/summary.w3p;adv=yes;orderBy=_fragment_number,doc_date-rev;page=74;query=Dataset%3Ahansards,hansards80;resCount=Default",
"http://parlinfo.aph.gov.au/parlInfo/search/summary/summary.w3p;adv=yes;orderBy=_fragment_number,doc_date-rev;page=75;query=Dataset%3Ahansards,hansards80;resCount=Default",
"http://parlinfo.aph.gov.au/parlInfo/search/summary/summary.w3p;adv=yes;orderBy=_fragment_number,doc_date-rev;page=76;query=Dataset%3Ahansards,hansards80;resCount=Default",
"http://parlinfo.aph.gov.au/parlInfo/search/summary/summary.w3p;adv=yes;orderBy=_fragment_number,doc_date-rev;page=77;query=Dataset%3Ahansards,hansards80;resCount=Default",
"http://parlinfo.aph.gov.au/parlInfo/search/summary/summary.w3p;adv=yes;orderBy=_fragment_number,doc_date-rev;page=78;query=Dataset%3Ahansards,hansards80;resCount=Default",
"http://parlinfo.aph.gov.au/parlInfo/search/summary/summary.w3p;adv=yes;orderBy=_fragment_number,doc_date-rev;page=79;query=Dataset%3Ahansards,hansards80;resCount=Default",
"http://parlinfo.aph.gov.au/parlInfo/search/summary/summary.w3p;adv=yes;orderBy=_fragment_number,doc_date-rev;page=80;query=Dataset%3Ahansards,hansards80;resCount=Default",
"http://parlinfo.aph.gov.au/parlInfo/search/summary/summary.w3p;adv=yes;orderBy=_fragment_number,doc_date-rev;page=81;query=Dataset%3Ahansards,hansards80;resCount=Default",
"http://parlinfo.aph.gov.au/parlInfo/search/summary/summary.w3p;adv=yes;orderBy=_fragment_number,doc_date-rev;page=82;query=Dataset%3Ahansards,hansards80;resCount=Default",
"http://parlinfo.aph.gov.au/parlInfo/search/summary/summary.w3p;adv=yes;orderBy=_fragment_number,doc_date-rev;page=83;query=Dataset%3Ahansards,hansards80;resCount=Default",
"http://parlinfo.aph.gov.au/parlInfo/search/summary/summary.w3p;adv=yes;orderBy=_fragment_number,doc_date-rev;page=84;query=Dataset%3Ahansards,hansards80;resCount=Default",
"http://parlinfo.aph.gov.au/parlInfo/search/summary/summary.w3p;adv=yes;orderBy=_fragment_number,doc_date-rev;page=85;query=Dataset%3Ahansards,hansards80;resCount=Default",
"http://parlinfo.aph.gov.au/parlInfo/search/summary/summary.w3p;adv=yes;orderBy=_fragment_number,doc_date-rev;page=86;query=Dataset%3Ahansards,hansards80;resCount=Default",
"http://parlinfo.aph.gov.au/parlInfo/search/summary/summary.w3p;adv=yes;orderBy=_fragment_number,doc_date-rev;page=87;query=Dataset%3Ahansards,hansards80;resCount=Default",
"http://parlinfo.aph.gov.au/parlInfo/search/summary/summary.w3p;adv=yes;orderBy=_fragment_number,doc_date-rev;page=88;query=Dataset%3Ahansards,hansards80;resCount=Default",
"http://parlinfo.aph.gov.au/parlInfo/search/summary/summary.w3p;adv=yes;orderBy=_fragment_number,doc_date-rev;page=89;query=Dataset%3Ahansards,hansards80;resCount=Default",
"http://parlinfo.aph.gov.au/parlInfo/search/summary/summary.w3p;adv=yes;orderBy=_fragment_number,doc_date-rev;page=90;query=Dataset%3Ahansards,hansards80;resCount=Default",
"http://parlinfo.aph.gov.au/parlInfo/search/summary/summary.w3p;adv=yes;orderBy=_fragment_number,doc_date-rev;page=91;query=Dataset%3Ahansards,hansards80;resCount=Default",
"http://parlinfo.aph.gov.au/parlInfo/search/summary/summary.w3p;adv=yes;orderBy=_fragment_number,doc_date-rev;page=92;query=Dataset%3Ahansards,hansards80;resCount=Default",
"http://parlinfo.aph.gov.au/parlInfo/search/summary/summary.w3p;adv=yes;orderBy=_fragment_number,doc_date-rev;page=93;query=Dataset%3Ahansards,hansards80;resCount=Default",
"http://parlinfo.aph.gov.au/parlInfo/search/summary/summary.w3p;adv=yes;orderBy=_fragment_number,doc_date-rev;page=94;query=Dataset%3Ahansards,hansards80;resCount=Default",
"http://parlinfo.aph.gov.au/parlInfo/search/summary/summary.w3p;adv=yes;orderBy=_fragment_number,doc_date-rev;page=95;query=Dataset%3Ahansards,hansards80;resCount=Default",
"http://parlinfo.aph.gov.au/parlInfo/search/summary/summary.w3p;adv=yes;orderBy=_fragment_number,doc_date-rev;page=96;query=Dataset%3Ahansards,hansards80;resCount=Default",
"http://parlinfo.aph.gov.au/parlInfo/search/summary/summary.w3p;adv=yes;orderBy=_fragment_number,doc_date-rev;page=97;query=Dataset%3Ahansards,hansards80;resCount=Default",
"http://parlinfo.aph.gov.au/parlInfo/search/summary/summary.w3p;adv=yes;orderBy=_fragment_number,doc_date-rev;page=98;query=Dataset%3Ahansards,hansards80;resCount=Default",
"http://parlinfo.aph.gov.au/parlInfo/search/summary/summary.w3p;adv=yes;orderBy=_fragment_number,doc_date-rev;page=99;query=Dataset%3Ahansards,hansards80;resCount=Default",
"http://parlinfo.aph.gov.au/parlInfo/search/summary/summary.w3p;adv=yes;orderBy=_fragment_number,doc_date-rev;page=100;query=Dataset%3Ahansards,hansards80;resCount=Default",
"http://parlinfo.aph.gov.au/parlInfo/search/summary/summary.w3p;adv=yes;orderBy=_fragment_number,doc_date-rev;page=101;query=Dataset%3Ahansards,hansards80;resCount=Default",
"http://parlinfo.aph.gov.au/parlInfo/search/summary/summary.w3p;adv=yes;orderBy=_fragment_number,doc_date-rev;page=102;query=Dataset%3Ahansards,hansards80;resCount=Default",
"http://parlinfo.aph.gov.au/parlInfo/search/summary/summary.w3p;adv=yes;orderBy=_fragment_number,doc_date-rev;page=103;query=Dataset%3Ahansards,hansards80;resCount=Default",
"http://parlinfo.aph.gov.au/parlInfo/search/summary/summary.w3p;adv=yes;orderBy=_fragment_number,doc_date-rev;page=104;query=Dataset%3Ahansards,hansards80;resCount=Default",
"http://parlinfo.aph.gov.au/parlInfo/search/summary/summary.w3p;adv=yes;orderBy=_fragment_number,doc_date-rev;page=105;query=Dataset%3Ahansards,hansards80;resCount=Default",
"http://parlinfo.aph.gov.au/parlInfo/search/summary/summary.w3p;adv=yes;orderBy=_fragment_number,doc_date-rev;page=106;query=Dataset%3Ahansards,hansards80;resCount=Default",
"http://parlinfo.aph.gov.au/parlInfo/search/summary/summary.w3p;adv=yes;orderBy=_fragment_number,doc_date-rev;page=107;query=Dataset%3Ahansards,hansards80;resCount=Default",
"http://parlinfo.aph.gov.au/parlInfo/search/summary/summary.w3p;adv=yes;orderBy=_fragment_number,doc_date-rev;page=108;query=Dataset%3Ahansards,hansards80;resCount=Default",
"http://parlinfo.aph.gov.au/parlInfo/search/summary/summary.w3p;adv=yes;orderBy=_fragment_number,doc_date-rev;page=109;query=Dataset%3Ahansards,hansards80;resCount=Default",
"http://parlinfo.aph.gov.au/parlInfo/search/summary/summary.w3p;adv=yes;orderBy=_fragment_number,doc_date-rev;page=110;query=Dataset%3Ahansards,hansards80;resCount=Default",
"http://parlinfo.aph.gov.au/parlInfo/search/summary/summary.w3p;adv=yes;orderBy=_fragment_number,doc_date-rev;page=111;query=Dataset%3Ahansards,hansards80;resCount=Default",
"http://parlinfo.aph.gov.au/parlInfo/search/summary/summary.w3p;adv=yes;orderBy=_fragment_number,doc_date-rev;page=112;query=Dataset%3Ahansards,hansards80;resCount=Default",
"http://parlinfo.aph.gov.au/parlInfo/search/summary/summary.w3p;adv=yes;orderBy=_fragment_number,doc_date-rev;page=113;query=Dataset%3Ahansards,hansards80;resCount=Default",
"http://parlinfo.aph.gov.au/parlInfo/search/summary/summary.w3p;adv=yes;orderBy=_fragment_number,doc_date-rev;page=114;query=Dataset%3Ahansards,hansards80;resCount=Default",
"http://parlinfo.aph.gov.au/parlInfo/search/summary/summary.w3p;adv=yes;orderBy=_fragment_number,doc_date-rev;page=115;query=Dataset%3Ahansards,hansards80;resCount=Default",
"http://parlinfo.aph.gov.au/parlInfo/search/summary/summary.w3p;adv=yes;orderBy=_fragment_number,doc_date-rev;page=116;query=Dataset%3Ahansards,hansards80;resCount=Default",
"http://parlinfo.aph.gov.au/parlInfo/search/summary/summary.w3p;adv=yes;orderBy=_fragment_number,doc_date-rev;page=117;query=Dataset%3Ahansards,hansards80;resCount=Default",
"http://parlinfo.aph.gov.au/parlInfo/search/summary/summary.w3p;adv=yes;orderBy=_fragment_number,doc_date-rev;page=118;query=Dataset%3Ahansards,hansards80;resCount=Default",
"http://parlinfo.aph.gov.au/parlInfo/search/summary/summary.w3p;adv=yes;orderBy=_fragment_number,doc_date-rev;page=119;query=Dataset%3Ahansards,hansards80;resCount=Default",
"http://parlinfo.aph.gov.au/parlInfo/search/summary/summary.w3p;adv=yes;orderBy=_fragment_number,doc_date-rev;page=120;query=Dataset%3Ahansards,hansards80;resCount=Default",
"http://parlinfo.aph.gov.au/parlInfo/search/summary/summary.w3p;adv=yes;orderBy=_fragment_number,doc_date-rev;page=121;query=Dataset%3Ahansards,hansards80;resCount=Default",
"http://parlinfo.aph.gov.au/parlInfo/search/summary/summary.w3p;adv=yes;orderBy=_fragment_number,doc_date-rev;page=122;query=Dataset%3Ahansards,hansards80;resCount=Default",
"http://parlinfo.aph.gov.au/parlInfo/search/summary/summary.w3p;adv=yes;orderBy=_fragment_number,doc_date-rev;page=123;query=Dataset%3Ahansards,hansards80;resCount=Default",
"http://parlinfo.aph.gov.au/parlInfo/search/summary/summary.w3p;adv=yes;orderBy=_fragment_number,doc_date-rev;page=124;query=Dataset%3Ahansards,hansards80;resCount=Default",
"http://parlinfo.aph.gov.au/parlInfo/search/summary/summary.w3p;adv=yes;orderBy=_fragment_number,doc_date-rev;page=125;query=Dataset%3Ahansards,hansards80;resCount=Default",
"http://parlinfo.aph.gov.au/parlInfo/search/summary/summary.w3p;adv=yes;orderBy=_fragment_number,doc_date-rev;page=126;query=Dataset%3Ahansards,hansards80;resCount=Default",
"http://parlinfo.aph.gov.au/parlInfo/search/summary/summary.w3p;adv=yes;orderBy=_fragment_number,doc_date-rev;page=127;query=Dataset%3Ahansards,hansards80;resCount=Default",
"http://parlinfo.aph.gov.au/parlInfo/search/summary/summary.w3p;adv=yes;orderBy=_fragment_number,doc_date-rev;page=128;query=Dataset%3Ahansards,hansards80;resCount=Default",
"http://parlinfo.aph.gov.au/parlInfo/search/summary/summary.w3p;adv=yes;orderBy=_fragment_number,doc_date-rev;page=129;query=Dataset%3Ahansards,hansards80;resCount=Default",
"http://parlinfo.aph.gov.au/parlInfo/search/summary/summary.w3p;adv=yes;orderBy=_fragment_number,doc_date-rev;page=130;query=Dataset%3Ahansards,hansards80;resCount=Default",
"http://parlinfo.aph.gov.au/parlInfo/search/summary/summary.w3p;adv=yes;orderBy=_fragment_number,doc_date-rev;page=131;query=Dataset%3Ahansards,hansards80;resCount=Default",
"http://parlinfo.aph.gov.au/parlInfo/search/summary/summary.w3p;adv=yes;orderBy=_fragment_number,doc_date-rev;page=132;query=Dataset%3Ahansards,hansards80;resCount=Default",
"http://parlinfo.aph.gov.au/parlInfo/search/summary/summary.w3p;adv=yes;orderBy=_fragment_number,doc_date-rev;page=133;query=Dataset%3Ahansards,hansards80;resCount=Default",
"http://parlinfo.aph.gov.au/parlInfo/search/summary/summary.w3p;adv=yes;orderBy=_fragment_number,doc_date-rev;page=134;query=Dataset%3Ahansards,hansards80;resCount=Default",
"http://parlinfo.aph.gov.au/parlInfo/search/summary/summary.w3p;adv=yes;orderBy=_fragment_number,doc_date-rev;page=135;query=Dataset%3Ahansards,hansards80;resCount=Default",
"http://parlinfo.aph.gov.au/parlInfo/search/summary/summary.w3p;adv=yes;orderBy=_fragment_number,doc_date-rev;page=136;query=Dataset%3Ahansards,hansards80;resCount=Default",
"http://parlinfo.aph.gov.au/parlInfo/search/summary/summary.w3p;adv=yes;orderBy=_fragment_number,doc_date-rev;page=137;query=Dataset%3Ahansards,hansards80;resCount=Default",
"http://parlinfo.aph.gov.au/parlInfo/search/summary/summary.w3p;adv=yes;orderBy=_fragment_number,doc_date-rev;page=138;query=Dataset%3Ahansards,hansards80;resCount=Default",
"http://parlinfo.aph.gov.au/parlInfo/search/summary/summary.w3p;adv=yes;orderBy=_fragment_number,doc_date-rev;page=139;query=Dataset%3Ahansards,hansards80;resCount=Default",
"http://parlinfo.aph.gov.au/parlInfo/search/summary/summary.w3p;adv=yes;orderBy=_fragment_number,doc_date-rev;page=140;query=Dataset%3Ahansards,hansards80;resCount=Default",
"http://parlinfo.aph.gov.au/parlInfo/search/summary/summary.w3p;adv=yes;orderBy=_fragment_number,doc_date-rev;page=141;query=Dataset%3Ahansards,hansards80;resCount=Default",
"http://parlinfo.aph.gov.au/parlInfo/search/summary/summary.w3p;adv=yes;orderBy=_fragment_number,doc_date-rev;page=142;query=Dataset%3Ahansards,hansards80;resCount=Default",
"http://parlinfo.aph.gov.au/parlInfo/search/summary/summary.w3p;adv=yes;orderBy=_fragment_number,doc_date-rev;page=143;query=Dataset%3Ahansards,hansards80;resCount=Default",
"http://parlinfo.aph.gov.au/parlInfo/search/summary/summary.w3p;adv=yes;orderBy=_fragment_number,doc_date-rev;page=144;query=Dataset%3Ahansards,hansards80;resCount=Default",
"http://parlinfo.aph.gov.au/parlInfo/search/summary/summary.w3p;adv=yes;orderBy=_fragment_number,doc_date-rev;page=145;query=Dataset%3Ahansards,hansards80;resCount=Default",
"http://parlinfo.aph.gov.au/parlInfo/search/summary/summary.w3p;adv=yes;orderBy=_fragment_number,doc_date-rev;page=146;query=Dataset%3Ahansards,hansards80;resCount=Default",
"http://parlinfo.aph.gov.au/parlInfo/search/summary/summary.w3p;adv=yes;orderBy=_fragment_number,doc_date-rev;page=147;query=Dataset%3Ahansards,hansards80;resCount=Default",
"http://parlinfo.aph.gov.au/parlInfo/search/summary/summary.w3p;adv=yes;orderBy=_fragment_number,doc_date-rev;page=148;query=Dataset%3Ahansards,hansards80;resCount=Default",
"http://parlinfo.aph.gov.au/parlInfo/search/summary/summary.w3p;adv=yes;orderBy=_fragment_number,doc_date-rev;page=149;query=Dataset%3Ahansards,hansards80;resCount=Default",
"http://parlinfo.aph.gov.au/parlInfo/search/summary/summary.w3p;adv=yes;orderBy=_fragment_number,doc_date-rev;page=150;query=Dataset%3Ahansards,hansards80;resCount=Default",
"http://parlinfo.aph.gov.au/parlInfo/search/summary/summary.w3p;adv=yes;orderBy=_fragment_number,doc_date-rev;page=151;query=Dataset%3Ahansards,hansards80;resCount=Default",
"http://parlinfo.aph.gov.au/parlInfo/search/summary/summary.w3p;adv=yes;orderBy=_fragment_number,doc_date-rev;page=152;query=Dataset%3Ahansards,hansards80;resCount=Default",
"http://parlinfo.aph.gov.au/parlInfo/search/summary/summary.w3p;adv=yes;orderBy=_fragment_number,doc_date-rev;page=153;query=Dataset%3Ahansards,hansards80;resCount=Default",
"http://parlinfo.aph.gov.au/parlInfo/search/summary/summary.w3p;adv=yes;orderBy=_fragment_number,doc_date-rev;page=154;query=Dataset%3Ahansards,hansards80;resCount=Default",
"http://parlinfo.aph.gov.au/parlInfo/search/summary/summary.w3p;adv=yes;orderBy=_fragment_number,doc_date-rev;page=155;query=Dataset%3Ahansards,hansards80;resCount=Default",
"http://parlinfo.aph.gov.au/parlInfo/search/summary/summary.w3p;adv=yes;orderBy=_fragment_number,doc_date-rev;page=156;query=Dataset%3Ahansards,hansards80;resCount=Default",
"http://parlinfo.aph.gov.au/parlInfo/search/summary/summary.w3p;adv=yes;orderBy=_fragment_number,doc_date-rev;page=157;query=Dataset%3Ahansards,hansards80;resCount=Default",
"http://parlinfo.aph.gov.au/parlInfo/search/summary/summary.w3p;adv=yes;orderBy=_fragment_number,doc_date-rev;page=158;query=Dataset%3Ahansards,hansards80;resCount=Default",
"http://parlinfo.aph.gov.au/parlInfo/search/summary/summary.w3p;adv=yes;orderBy=_fragment_number,doc_date-rev;page=159;query=Dataset%3Ahansards,hansards80;resCount=Default",
"http://parlinfo.aph.gov.au/parlInfo/search/summary/summary.w3p;adv=yes;orderBy=_fragment_number,doc_date-rev;page=160;query=Dataset%3Ahansards,hansards80;resCount=Default",
"http://parlinfo.aph.gov.au/parlInfo/search/summary/summary.w3p;adv=yes;orderBy=_fragment_number,doc_date-rev;page=161;query=Dataset%3Ahansards,hansards80;resCount=Default",
"http://parlinfo.aph.gov.au/parlInfo/search/summary/summary.w3p;adv=yes;orderBy=_fragment_number,doc_date-rev;page=162;query=Dataset%3Ahansards,hansards80;resCount=Default",
"http://parlinfo.aph.gov.au/parlInfo/search/summary/summary.w3p;adv=yes;orderBy=_fragment_number,doc_date-rev;page=163;query=Dataset%3Ahansards,hansards80;resCount=Default",
"http://parlinfo.aph.gov.au/parlInfo/search/summary/summary.w3p;adv=yes;orderBy=_fragment_number,doc_date-rev;page=164;query=Dataset%3Ahansards,hansards80;resCount=Default",
"http://parlinfo.aph.gov.au/parlInfo/search/summary/summary.w3p;adv=yes;orderBy=_fragment_number,doc_date-rev;page=165;query=Dataset%3Ahansards,hansards80;resCount=Default",
"http://parlinfo.aph.gov.au/parlInfo/search/summary/summary.w3p;adv=yes;orderBy=_fragment_number,doc_date-rev;page=166;query=Dataset%3Ahansards,hansards80;resCount=Default",
"http://parlinfo.aph.gov.au/parlInfo/search/summary/summary.w3p;adv=yes;orderBy=_fragment_number,doc_date-rev;page=167;query=Dataset%3Ahansards,hansards80;resCount=Default",
"http://parlinfo.aph.gov.au/parlInfo/search/summary/summary.w3p;adv=yes;orderBy=_fragment_number,doc_date-rev;page=168;query=Dataset%3Ahansards,hansards80;resCount=Default",
"http://parlinfo.aph.gov.au/parlInfo/search/summary/summary.w3p;adv=yes;orderBy=_fragment_number,doc_date-rev;page=169;query=Dataset%3Ahansards,hansards80;resCount=Default",
"http://parlinfo.aph.gov.au/parlInfo/search/summary/summary.w3p;adv=yes;orderBy=_fragment_number,doc_date-rev;page=170;query=Dataset%3Ahansards,hansards80;resCount=Default",
"http://parlinfo.aph.gov.au/parlInfo/search/summary/summary.w3p;adv=yes;orderBy=_fragment_number,doc_date-rev;page=171;query=Dataset%3Ahansards,hansards80;resCount=Default",
"http://parlinfo.aph.gov.au/parlInfo/search/summary/summary.w3p;adv=yes;orderBy=_fragment_number,doc_date-rev;page=172;query=Dataset%3Ahansards,hansards80;resCount=Default",
"http://parlinfo.aph.gov.au/parlInfo/search/summary/summary.w3p;adv=yes;orderBy=_fragment_number,doc_date-rev;page=173;query=Dataset%3Ahansards,hansards80;resCount=Default",
"http://parlinfo.aph.gov.au/parlInfo/search/summary/summary.w3p;adv=yes;orderBy=_fragment_number,doc_date-rev;page=174;query=Dataset%3Ahansards,hansards80;resCount=Default",
"http://parlinfo.aph.gov.au/parlInfo/search/summary/summary.w3p;adv=yes;orderBy=_fragment_number,doc_date-rev;page=175;query=Dataset%3Ahansards,hansards80;resCount=Default",
"http://parlinfo.aph.gov.au/parlInfo/search/summary/summary.w3p;adv=yes;orderBy=_fragment_number,doc_date-rev;page=176;query=Dataset%3Ahansards,hansards80;resCount=Default",
"http://parlinfo.aph.gov.au/parlInfo/search/summary/summary.w3p;adv=yes;orderBy=_fragment_number,doc_date-rev;page=177;query=Dataset%3Ahansards,hansards80;resCount=Default",
"http://parlinfo.aph.gov.au/parlInfo/search/summary/summary.w3p;adv=yes;orderBy=_fragment_number,doc_date-rev;page=178;query=Dataset%3Ahansards,hansards80;resCount=Default",
"http://parlinfo.aph.gov.au/parlInfo/search/summary/summary.w3p;adv=yes;orderBy=_fragment_number,doc_date-rev;page=179;query=Dataset%3Ahansards,hansards80;resCount=Default",
"http://parlinfo.aph.gov.au/parlInfo/search/summary/summary.w3p;adv=yes;orderBy=_fragment_number,doc_date-rev;page=180;query=Dataset%3Ahansards,hansards80;resCount=Default",
"http://parlinfo.aph.gov.au/parlInfo/search/summary/summary.w3p;adv=yes;orderBy=_fragment_number,doc_date-rev;page=181;query=Dataset%3Ahansards,hansards80;resCount=Default",
"http://parlinfo.aph.gov.au/parlInfo/search/summary/summary.w3p;adv=yes;orderBy=_fragment_number,doc_date-rev;page=182;query=Dataset%3Ahansards,hansards80;resCount=Default",
"http://parlinfo.aph.gov.au/parlInfo/search/summary/summary.w3p;adv=yes;orderBy=_fragment_number,doc_date-rev;page=183;query=Dataset%3Ahansards,hansards80;resCount=Default",
"http://parlinfo.aph.gov.au/parlInfo/search/summary/summary.w3p;adv=yes;orderBy=_fragment_number,doc_date-rev;page=184;query=Dataset%3Ahansards,hansards80;resCount=Default",
"http://parlinfo.aph.gov.au/parlInfo/search/summary/summary.w3p;adv=yes;orderBy=_fragment_number,doc_date-rev;page=185;query=Dataset%3Ahansards,hansards80;resCount=Default",
"http://parlinfo.aph.gov.au/parlInfo/search/summary/summary.w3p;adv=yes;orderBy=_fragment_number,doc_date-rev;page=186;query=Dataset%3Ahansards,hansards80;resCount=Default",
"http://parlinfo.aph.gov.au/parlInfo/search/summary/summary.w3p;adv=yes;orderBy=_fragment_number,doc_date-rev;page=187;query=Dataset%3Ahansards,hansards80;resCount=Default",
"http://parlinfo.aph.gov.au/parlInfo/search/summary/summary.w3p;adv=yes;orderBy=_fragment_number,doc_date-rev;page=188;query=Dataset%3Ahansards,hansards80;resCount=Default",
"http://parlinfo.aph.gov.au/parlInfo/search/summary/summary.w3p;adv=yes;orderBy=_fragment_number,doc_date-rev;page=189;query=Dataset%3Ahansards,hansards80;resCount=Default",
"http://parlinfo.aph.gov.au/parlInfo/search/summary/summary.w3p;adv=yes;orderBy=_fragment_number,doc_date-rev;page=190;query=Dataset%3Ahansards,hansards80;resCount=Default",
"http://parlinfo.aph.gov.au/parlInfo/search/summary/summary.w3p;adv=yes;orderBy=_fragment_number,doc_date-rev;page=191;query=Dataset%3Ahansards,hansards80;resCount=Default",
"http://parlinfo.aph.gov.au/parlInfo/search/summary/summary.w3p;adv=yes;orderBy=_fragment_number,doc_date-rev;page=192;query=Dataset%3Ahansards,hansards80;resCount=Default",
"http://parlinfo.aph.gov.au/parlInfo/search/summary/summary.w3p;adv=yes;orderBy=_fragment_number,doc_date-rev;page=193;query=Dataset%3Ahansards,hansards80;resCount=Default",
"http://parlinfo.aph.gov.au/parlInfo/search/summary/summary.w3p;adv=yes;orderBy=_fragment_number,doc_date-rev;page=194;query=Dataset%3Ahansards,hansards80;resCount=Default",
"http://parlinfo.aph.gov.au/parlInfo/search/summary/summary.w3p;adv=yes;orderBy=_fragment_number,doc_date-rev;page=195;query=Dataset%3Ahansards,hansards80;resCount=Default",
"http://parlinfo.aph.gov.au/parlInfo/search/summary/summary.w3p;adv=yes;orderBy=_fragment_number,doc_date-rev;page=196;query=Dataset%3Ahansards,hansards80;resCount=Default",
"http://parlinfo.aph.gov.au/parlInfo/search/summary/summary.w3p;adv=yes;orderBy=_fragment_number,doc_date-rev;page=197;query=Dataset%3Ahansards,hansards80;resCount=Default",
"http://parlinfo.aph.gov.au/parlInfo/search/summary/summary.w3p;adv=yes;orderBy=_fragment_number,doc_date-rev;page=198;query=Dataset%3Ahansards,hansards80;resCount=Default",
"http://parlinfo.aph.gov.au/parlInfo/search/summary/summary.w3p;adv=yes;orderBy=_fragment_number,doc_date-rev;page=199;query=Dataset%3Ahansards,hansards80;resCount=Default",
"http://parlinfo.aph.gov.au/parlInfo/search/summary/summary.w3p;adv=yes;orderBy=_fragment_number,doc_date-rev;page=200;query=Dataset%3Ahansards,hansards80;resCount=Default",
"http://parlinfo.aph.gov.au/parlInfo/search/summary/summary.w3p;adv=yes;orderBy=_fragment_number,doc_date-rev;page=201;query=Dataset%3Ahansards,hansards80;resCount=Default",
"http://parlinfo.aph.gov.au/parlInfo/search/summary/summary.w3p;adv=yes;orderBy=_fragment_number,doc_date-rev;page=202;query=Dataset%3Ahansards,hansards80;resCount=Default",
"http://parlinfo.aph.gov.au/parlInfo/search/summary/summary.w3p;adv=yes;orderBy=_fragment_number,doc_date-rev;page=203;query=Dataset%3Ahansards,hansards80;resCount=Default",
"http://parlinfo.aph.gov.au/parlInfo/search/summary/summary.w3p;adv=yes;orderBy=_fragment_number,doc_date-rev;page=204;query=Dataset%3Ahansards,hansards80;resCount=Default",
"http://parlinfo.aph.gov.au/parlInfo/search/summary/summary.w3p;adv=yes;orderBy=_fragment_number,doc_date-rev;page=205;query=Dataset%3Ahansards,hansards80;resCount=Default",
"http://parlinfo.aph.gov.au/parlInfo/search/summary/summary.w3p;adv=yes;orderBy=_fragment_number,doc_date-rev;page=206;query=Dataset%3Ahansards,hansards80;resCount=Default",
"http://parlinfo.aph.gov.au/parlInfo/search/summary/summary.w3p;adv=yes;orderBy=_fragment_number,doc_date-rev;page=207;query=Dataset%3Ahansards,hansards80;resCount=Default",
"http://parlinfo.aph.gov.au/parlInfo/search/summary/summary.w3p;adv=yes;orderBy=_fragment_number,doc_date-rev;page=208;query=Dataset%3Ahansards,hansards80;resCount=Default",
"http://parlinfo.aph.gov.au/parlInfo/search/summary/summary.w3p;adv=yes;orderBy=_fragment_number,doc_date-rev;page=209;query=Dataset%3Ahansards,hansards80;resCount=Default",
"http://parlinfo.aph.gov.au/parlInfo/search/summary/summary.w3p;adv=yes;orderBy=_fragment_number,doc_date-rev;page=210;query=Dataset%3Ahansards,hansards80;resCount=Default",
"http://parlinfo.aph.gov.au/parlInfo/search/summary/summary.w3p;adv=yes;orderBy=_fragment_number,doc_date-rev;page=211;query=Dataset%3Ahansards,hansards80;resCount=Default",
"http://parlinfo.aph.gov.au/parlInfo/search/summary/summary.w3p;adv=yes;orderBy=_fragment_number,doc_date-rev;page=212;query=Dataset%3Ahansards,hansards80;resCount=Default",
"http://parlinfo.aph.gov.au/parlInfo/search/summary/summary.w3p;adv=yes;orderBy=_fragment_number,doc_date-rev;page=213;query=Dataset%3Ahansards,hansards80;resCount=Default",
"http://parlinfo.aph.gov.au/parlInfo/search/summary/summary.w3p;adv=yes;orderBy=_fragment_number,doc_date-rev;page=214;query=Dataset%3Ahansards,hansards80;resCount=Default",
"http://parlinfo.aph.gov.au/parlInfo/search/summary/summary.w3p;adv=yes;orderBy=_fragment_number,doc_date-rev;page=215;query=Dataset%3Ahansards,hansards80;resCount=Default",
"http://parlinfo.aph.gov.au/parlInfo/search/summary/summary.w3p;adv=yes;orderBy=_fragment_number,doc_date-rev;page=216;query=Dataset%3Ahansards,hansards80;resCount=Default",
"http://parlinfo.aph.gov.au/parlInfo/search/summary/summary.w3p;adv=yes;orderBy=_fragment_number,doc_date-rev;page=217;query=Dataset%3Ahansards,hansards80;resCount=Default",
"http://parlinfo.aph.gov.au/parlInfo/search/summary/summary.w3p;adv=yes;orderBy=_fragment_number,doc_date-rev;page=218;query=Dataset%3Ahansards,hansards80;resCount=Default",
"http://parlinfo.aph.gov.au/parlInfo/search/summary/summary.w3p;adv=yes;orderBy=_fragment_number,doc_date-rev;page=219;query=Dataset%3Ahansards,hansards80;resCount=Default",
"http://parlinfo.aph.gov.au/parlInfo/search/summary/summary.w3p;adv=yes;orderBy=_fragment_number,doc_date-rev;page=220;query=Dataset%3Ahansards,hansards80;resCount=Default",
"http://parlinfo.aph.gov.au/parlInfo/search/summary/summary.w3p;adv=yes;orderBy=_fragment_number,doc_date-rev;page=221;query=Dataset%3Ahansards,hansards80;resCount=Default",
"http://parlinfo.aph.gov.au/parlInfo/search/summary/summary.w3p;adv=yes;orderBy=_fragment_number,doc_date-rev;page=222;query=Dataset%3Ahansards,hansards80;resCount=Default",
"http://parlinfo.aph.gov.au/parlInfo/search/summary/summary.w3p;adv=yes;orderBy=_fragment_number,doc_date-rev;page=223;query=Dataset%3Ahansards,hansards80;resCount=Default",
"http://parlinfo.aph.gov.au/parlInfo/search/summary/summary.w3p;adv=yes;orderBy=_fragment_number,doc_date-rev;page=224;query=Dataset%3Ahansards,hansards80;resCount=Default",
"http://parlinfo.aph.gov.au/parlInfo/search/summary/summary.w3p;adv=yes;orderBy=_fragment_number,doc_date-rev;page=225;query=Dataset%3Ahansards,hansards80;resCount=Default",
"http://parlinfo.aph.gov.au/parlInfo/search/summary/summary.w3p;adv=yes;orderBy=_fragment_number,doc_date-rev;page=226;query=Dataset%3Ahansards,hansards80;resCount=Default",
"http://parlinfo.aph.gov.au/parlInfo/search/summary/summary.w3p;adv=yes;orderBy=_fragment_number,doc_date-rev;page=227;query=Dataset%3Ahansards,hansards80;resCount=Default",
"http://parlinfo.aph.gov.au/parlInfo/search/summary/summary.w3p;adv=yes;orderBy=_fragment_number,doc_date-rev;page=228;query=Dataset%3Ahansards,hansards80;resCount=Default",
"http://parlinfo.aph.gov.au/parlInfo/search/summary/summary.w3p;adv=yes;orderBy=_fragment_number,doc_date-rev;page=229;query=Dataset%3Ahansards,hansards80;resCount=Default",
"http://parlinfo.aph.gov.au/parlInfo/search/summary/summary.w3p;adv=yes;orderBy=_fragment_number,doc_date-rev;page=230;query=Dataset%3Ahansards,hansards80;resCount=Default",
"http://parlinfo.aph.gov.au/parlInfo/search/summary/summary.w3p;adv=yes;orderBy=_fragment_number,doc_date-rev;page=231;query=Dataset%3Ahansards,hansards80;resCount=Default",
"http://parlinfo.aph.gov.au/parlInfo/search/summary/summary.w3p;adv=yes;orderBy=_fragment_number,doc_date-rev;page=232;query=Dataset%3Ahansards,hansards80;resCount=Default",
"http://parlinfo.aph.gov.au/parlInfo/search/summary/summary.w3p;adv=yes;orderBy=_fragment_number,doc_date-rev;page=233;query=Dataset%3Ahansards,hansards80;resCount=Default",
"http://parlinfo.aph.gov.au/parlInfo/search/summary/summary.w3p;adv=yes;orderBy=_fragment_number,doc_date-rev;page=234;query=Dataset%3Ahansards,hansards80;resCount=Default",
"http://parlinfo.aph.gov.au/parlInfo/search/summary/summary.w3p;adv=yes;orderBy=_fragment_number,doc_date-rev;page=235;query=Dataset%3Ahansards,hansards80;resCount=Default",
"http://parlinfo.aph.gov.au/parlInfo/search/summary/summary.w3p;adv=yes;orderBy=_fragment_number,doc_date-rev;page=236;query=Dataset%3Ahansards,hansards80;resCount=Default",
"http://parlinfo.aph.gov.au/parlInfo/search/summary/summary.w3p;adv=yes;orderBy=_fragment_number,doc_date-rev;page=237;query=Dataset%3Ahansards,hansards80;resCount=Default",
"http://parlinfo.aph.gov.au/parlInfo/search/summary/summary.w3p;adv=yes;orderBy=_fragment_number,doc_date-rev;page=238;query=Dataset%3Ahansards,hansards80;resCount=Default",
"http://parlinfo.aph.gov.au/parlInfo/search/summary/summary.w3p;adv=yes;orderBy=_fragment_number,doc_date-rev;page=239;query=Dataset%3Ahansards,hansards80;resCount=Default",
"http://parlinfo.aph.gov.au/parlInfo/search/summary/summary.w3p;adv=yes;orderBy=_fragment_number,doc_date-rev;page=240;query=Dataset%3Ahansards,hansards80;resCount=Default",
"http://parlinfo.aph.gov.au/parlInfo/search/summary/summary.w3p;adv=yes;orderBy=_fragment_number,doc_date-rev;page=241;query=Dataset%3Ahansards,hansards80;resCount=Default",
"http://parlinfo.aph.gov.au/parlInfo/search/summary/summary.w3p;adv=yes;orderBy=_fragment_number,doc_date-rev;page=242;query=Dataset%3Ahansards,hansards80;resCount=Default",
"http://parlinfo.aph.gov.au/parlInfo/search/summary/summary.w3p;adv=yes;orderBy=_fragment_number,doc_date-rev;page=243;query=Dataset%3Ahansards,hansards80;resCount=Default",
"http://parlinfo.aph.gov.au/parlInfo/search/summary/summary.w3p;adv=yes;orderBy=_fragment_number,doc_date-rev;page=244;query=Dataset%3Ahansards,hansards80;resCount=Default",
"http://parlinfo.aph.gov.au/parlInfo/search/summary/summary.w3p;adv=yes;orderBy=_fragment_number,doc_date-rev;page=245;query=Dataset%3Ahansards,hansards80;resCount=Default",
"http://parlinfo.aph.gov.au/parlInfo/search/summary/summary.w3p;adv=yes;orderBy=_fragment_number,doc_date-rev;page=246;query=Dataset%3Ahansards,hansards80;resCount=Default",
"http://parlinfo.aph.gov.au/parlInfo/search/summary/summary.w3p;adv=yes;orderBy=_fragment_number,doc_date-rev;page=247;query=Dataset%3Ahansards,hansards80;resCount=Default",
"http://parlinfo.aph.gov.au/parlInfo/search/summary/summary.w3p;adv=yes;orderBy=_fragment_number,doc_date-rev;page=248;query=Dataset%3Ahansards,hansards80;resCount=Default",
"http://parlinfo.aph.gov.au/parlInfo/search/summary/summary.w3p;adv=yes;orderBy=_fragment_number,doc_date-rev;page=249;query=Dataset%3Ahansards,hansards80;resCount=Default",
"http://parlinfo.aph.gov.au/parlInfo/search/summary/summary.w3p;adv=yes;orderBy=_fragment_number,doc_date-rev;page=250;query=Dataset%3Ahansards,hansards80;resCount=Default",
"http://parlinfo.aph.gov.au/parlInfo/search/summary/summary.w3p;adv=yes;orderBy=_fragment_number,doc_date-rev;page=251;query=Dataset%3Ahansards,hansards80;resCount=Default",
"http://parlinfo.aph.gov.au/parlInfo/search/summary/summary.w3p;adv=yes;orderBy=_fragment_number,doc_date-rev;page=252;query=Dataset%3Ahansards,hansards80;resCount=Default",
"http://parlinfo.aph.gov.au/parlInfo/search/summary/summary.w3p;adv=yes;orderBy=_fragment_number,doc_date-rev;page=253;query=Dataset%3Ahansards,hansards80;resCount=Default",
"http://parlinfo.aph.gov.au/parlInfo/search/summary/summary.w3p;adv=yes;orderBy=_fragment_number,doc_date-rev;page=254;query=Dataset%3Ahansards,hansards80;resCount=Default",
"http://parlinfo.aph.gov.au/parlInfo/search/summary/summary.w3p;adv=yes;orderBy=_fragment_number,doc_date-rev;page=255;query=Dataset%3Ahansards,hansards80;resCount=Default",
"http://parlinfo.aph.gov.au/parlInfo/search/summary/summary.w3p;adv=yes;orderBy=_fragment_number,doc_date-rev;page=256;query=Dataset%3Ahansards,hansards80;resCount=Default",
"http://parlinfo.aph.gov.au/parlInfo/search/summary/summary.w3p;adv=yes;orderBy=_fragment_number,doc_date-rev;page=257;query=Dataset%3Ahansards,hansards80;resCount=Default",
"http://parlinfo.aph.gov.au/parlInfo/search/summary/summary.w3p;adv=yes;orderBy=_fragment_number,doc_date-rev;page=258;query=Dataset%3Ahansards,hansards80;resCount=Default",
"http://parlinfo.aph.gov.au/parlInfo/search/summary/summary.w3p;adv=yes;orderBy=_fragment_number,doc_date-rev;page=259;query=Dataset%3Ahansards,hansards80;resCount=Default",
"http://parlinfo.aph.gov.au/parlInfo/search/summary/summary.w3p;adv=yes;orderBy=_fragment_number,doc_date-rev;page=260;query=Dataset%3Ahansards,hansards80;resCount=Default",
"http://parlinfo.aph.gov.au/parlInfo/search/summary/summary.w3p;adv=yes;orderBy=_fragment_number,doc_date-rev;page=261;query=Dataset%3Ahansards,hansards80;resCount=Default",
"http://parlinfo.aph.gov.au/parlInfo/search/summary/summary.w3p;adv=yes;orderBy=_fragment_number,doc_date-rev;page=262;query=Dataset%3Ahansards,hansards80;resCount=Default",
"http://parlinfo.aph.gov.au/parlInfo/search/summary/summary.w3p;adv=yes;orderBy=_fragment_number,doc_date-rev;page=263;query=Dataset%3Ahansards,hansards80;resCount=Default",
"http://parlinfo.aph.gov.au/parlInfo/search/summary/summary.w3p;adv=yes;orderBy=_fragment_number,doc_date-rev;page=264;query=Dataset%3Ahansards,hansards80;resCount=Default",
"http://parlinfo.aph.gov.au/parlInfo/search/summary/summary.w3p;adv=yes;orderBy=_fragment_number,doc_date-rev;page=265;query=Dataset%3Ahansards,hansards80;resCount=Default",
"http://parlinfo.aph.gov.au/parlInfo/search/summary/summary.w3p;adv=yes;orderBy=_fragment_number,doc_date-rev;page=266;query=Dataset%3Ahansards,hansards80;resCount=Default",
"http://parlinfo.aph.gov.au/parlInfo/search/summary/summary.w3p;adv=yes;orderBy=_fragment_number,doc_date-rev;page=267;query=Dataset%3Ahansards,hansards80;resCount=Default",
"http://parlinfo.aph.gov.au/parlInfo/search/summary/summary.w3p;adv=yes;orderBy=_fragment_number,doc_date-rev;page=268;query=Dataset%3Ahansards,hansards80;resCount=Default",
"http://parlinfo.aph.gov.au/parlInfo/search/summary/summary.w3p;adv=yes;orderBy=_fragment_number,doc_date-rev;page=269;query=Dataset%3Ahansards,hansards80;resCount=Default",
"http://parlinfo.aph.gov.au/parlInfo/search/summary/summary.w3p;adv=yes;orderBy=_fragment_number,doc_date-rev;page=270;query=Dataset%3Ahansards,hansards80;resCount=Default",
"http://parlinfo.aph.gov.au/parlInfo/search/summary/summary.w3p;adv=yes;orderBy=_fragment_number,doc_date-rev;page=271;query=Dataset%3Ahansards,hansards80;resCount=Default",
"http://parlinfo.aph.gov.au/parlInfo/search/summary/summary.w3p;adv=yes;orderBy=_fragment_number,doc_date-rev;page=272;query=Dataset%3Ahansards,hansards80;resCount=Default",
"http://parlinfo.aph.gov.au/parlInfo/search/summary/summary.w3p;adv=yes;orderBy=_fragment_number,doc_date-rev;page=273;query=Dataset%3Ahansards,hansards80;resCount=Default",
"http://parlinfo.aph.gov.au/parlInfo/search/summary/summary.w3p;adv=yes;orderBy=_fragment_number,doc_date-rev;page=274;query=Dataset%3Ahansards,hansards80;resCount=Default",
"http://parlinfo.aph.gov.au/parlInfo/search/summary/summary.w3p;adv=yes;orderBy=_fragment_number,doc_date-rev;page=275;query=Dataset%3Ahansards,hansards80;resCount=Default",
"http://parlinfo.aph.gov.au/parlInfo/search/summary/summary.w3p;adv=yes;orderBy=_fragment_number,doc_date-rev;page=276;query=Dataset%3Ahansards,hansards80;resCount=Default",
"http://parlinfo.aph.gov.au/parlInfo/search/summary/summary.w3p;adv=yes;orderBy=_fragment_number,doc_date-rev;page=277;query=Dataset%3Ahansards,hansards80;resCount=Default",
"http://parlinfo.aph.gov.au/parlInfo/search/summary/summary.w3p;adv=yes;orderBy=_fragment_number,doc_date-rev;page=278;query=Dataset%3Ahansards,hansards80;resCount=Default",
"http://parlinfo.aph.gov.au/parlInfo/search/summary/summary.w3p;adv=yes;orderBy=_fragment_number,doc_date-rev;page=279;query=Dataset%3Ahansards,hansards80;resCount=Default",
"http://parlinfo.aph.gov.au/parlInfo/search/summary/summary.w3p;adv=yes;orderBy=_fragment_number,doc_date-rev;page=280;query=Dataset%3Ahansards,hansards80;resCount=Default",
"http://parlinfo.aph.gov.au/parlInfo/search/summary/summary.w3p;adv=yes;orderBy=_fragment_number,doc_date-rev;page=281;query=Dataset%3Ahansards,hansards80;resCount=Default",
"http://parlinfo.aph.gov.au/parlInfo/search/summary/summary.w3p;adv=yes;orderBy=_fragment_number,doc_date-rev;page=282;query=Dataset%3Ahansards,hansards80;resCount=Default",
"http://parlinfo.aph.gov.au/parlInfo/search/summary/summary.w3p;adv=yes;orderBy=_fragment_number,doc_date-rev;page=283;query=Dataset%3Ahansards,hansards80;resCount=Default",
"http://parlinfo.aph.gov.au/parlInfo/search/summary/summary.w3p;adv=yes;orderBy=_fragment_number,doc_date-rev;page=284;query=Dataset%3Ahansards,hansards80;resCount=Default",
"http://parlinfo.aph.gov.au/parlInfo/search/summary/summary.w3p;adv=yes;orderBy=_fragment_number,doc_date-rev;page=285;query=Dataset%3Ahansards,hansards80;resCount=Default",
"http://parlinfo.aph.gov.au/parlInfo/search/summary/summary.w3p;adv=yes;orderBy=_fragment_number,doc_date-rev;page=286;query=Dataset%3Ahansards,hansards80;resCount=Default",
"http://parlinfo.aph.gov.au/parlInfo/search/summary/summary.w3p;adv=yes;orderBy=_fragment_number,doc_date-rev;page=287;query=Dataset%3Ahansards,hansards80;resCount=Default",
"http://parlinfo.aph.gov.au/parlInfo/search/summary/summary.w3p;adv=yes;orderBy=_fragment_number,doc_date-rev;page=288;query=Dataset%3Ahansards,hansards80;resCount=Default",
"http://parlinfo.aph.gov.au/parlInfo/search/summary/summary.w3p;adv=yes;orderBy=_fragment_number,doc_date-rev;page=289;query=Dataset%3Ahansards,hansards80;resCount=Default",
"http://parlinfo.aph.gov.au/parlInfo/search/summary/summary.w3p;adv=yes;orderBy=_fragment_number,doc_date-rev;page=290;query=Dataset%3Ahansards,hansards80;resCount=Default",
"http://parlinfo.aph.gov.au/parlInfo/search/summary/summary.w3p;adv=yes;orderBy=_fragment_number,doc_date-rev;page=291;query=Dataset%3Ahansards,hansards80;resCount=Default",
"http://parlinfo.aph.gov.au/parlInfo/search/summary/summary.w3p;adv=yes;orderBy=_fragment_number,doc_date-rev;page=292;query=Dataset%3Ahansards,hansards80;resCount=Default",
"http://parlinfo.aph.gov.au/parlInfo/search/summary/summary.w3p;adv=yes;orderBy=_fragment_number,doc_date-rev;page=293;query=Dataset%3Ahansards,hansards80;resCount=Default",
"http://parlinfo.aph.gov.au/parlInfo/search/summary/summary.w3p;adv=yes;orderBy=_fragment_number,doc_date-rev;page=294;query=Dataset%3Ahansards,hansards80;resCount=Default",
"http://parlinfo.aph.gov.au/parlInfo/search/summary/summary.w3p;adv=yes;orderBy=_fragment_number,doc_date-rev;page=295;query=Dataset%3Ahansards,hansards80;resCount=Default",
"http://parlinfo.aph.gov.au/parlInfo/search/summary/summary.w3p;adv=yes;orderBy=_fragment_number,doc_date-rev;page=296;query=Dataset%3Ahansards,hansards80;resCount=Default",
"http://parlinfo.aph.gov.au/parlInfo/search/summary/summary.w3p;adv=yes;orderBy=_fragment_number,doc_date-rev;page=297;query=Dataset%3Ahansards,hansards80;resCount=Default",
"http://parlinfo.aph.gov.au/parlInfo/search/summary/summary.w3p;adv=yes;orderBy=_fragment_number,doc_date-rev;page=298;query=Dataset%3Ahansards,hansards80;resCount=Default",
"http://parlinfo.aph.gov.au/parlInfo/search/summary/summary.w3p;adv=yes;orderBy=_fragment_number,doc_date-rev;page=299;query=Dataset%3Ahansards,hansards80;resCount=Default",
"http://parlinfo.aph.gov.au/parlInfo/search/summary/summary.w3p;adv=yes;orderBy=_fragment_number,doc_date-rev;page=300;query=Dataset%3Ahansards,hansards80;resCount=Default",
"http://parlinfo.aph.gov.au/parlInfo/search/summary/summary.w3p;adv=yes;orderBy=_fragment_number,doc_date-rev;page=301;query=Dataset%3Ahansards,hansards80;resCount=Default",
"http://parlinfo.aph.gov.au/parlInfo/search/summary/summary.w3p;adv=yes;orderBy=_fragment_number,doc_date-rev;page=302;query=Dataset%3Ahansards,hansards80;resCount=Default",
"http://parlinfo.aph.gov.au/parlInfo/search/summary/summary.w3p;adv=yes;orderBy=_fragment_number,doc_date-rev;page=303;query=Dataset%3Ahansards,hansards80;resCount=Default",
"http://parlinfo.aph.gov.au/parlInfo/search/summary/summary.w3p;adv=yes;orderBy=_fragment_number,doc_date-rev;page=304;query=Dataset%3Ahansards,hansards80;resCount=Default",
"http://parlinfo.aph.gov.au/parlInfo/search/summary/summary.w3p;adv=yes;orderBy=_fragment_number,doc_date-rev;page=305;query=Dataset%3Ahansards,hansards80;resCount=Default",
"http://parlinfo.aph.gov.au/parlInfo/search/summary/summary.w3p;adv=yes;orderBy=_fragment_number,doc_date-rev;page=306;query=Dataset%3Ahansards,hansards80;resCount=Default",
"http://parlinfo.aph.gov.au/parlInfo/search/summary/summary.w3p;adv=yes;orderBy=_fragment_number,doc_date-rev;page=307;query=Dataset%3Ahansards,hansards80;resCount=Default",
"http://parlinfo.aph.gov.au/parlInfo/search/summary/summary.w3p;adv=yes;orderBy=_fragment_number,doc_date-rev;page=308;query=Dataset%3Ahansards,hansards80;resCount=Default",
"http://parlinfo.aph.gov.au/parlInfo/search/summary/summary.w3p;adv=yes;orderBy=_fragment_number,doc_date-rev;page=309;query=Dataset%3Ahansards,hansards80;resCount=Default",
"http://parlinfo.aph.gov.au/parlInfo/search/summary/summary.w3p;adv=yes;orderBy=_fragment_number,doc_date-rev;page=310;query=Dataset%3Ahansards,hansards80;resCount=Default",
"http://parlinfo.aph.gov.au/parlInfo/search/summary/summary.w3p;adv=yes;orderBy=_fragment_number,doc_date-rev;page=311;query=Dataset%3Ahansards,hansards80;resCount=Default",
"http://parlinfo.aph.gov.au/parlInfo/search/summary/summary.w3p;adv=yes;orderBy=_fragment_number,doc_date-rev;page=312;query=Dataset%3Ahansards,hansards80;resCount=Default",
"http://parlinfo.aph.gov.au/parlInfo/search/summary/summary.w3p;adv=yes;orderBy=_fragment_number,doc_date-rev;page=313;query=Dataset%3Ahansards,hansards80;resCount=Default",
"http://parlinfo.aph.gov.au/parlInfo/search/summary/summary.w3p;adv=yes;orderBy=_fragment_number,doc_date-rev;page=314;query=Dataset%3Ahansards,hansards80;resCount=Default",
"http://parlinfo.aph.gov.au/parlInfo/search/summary/summary.w3p;adv=yes;orderBy=_fragment_number,doc_date-rev;page=315;query=Dataset%3Ahansards,hansards80;resCount=Default",
"http://parlinfo.aph.gov.au/parlInfo/search/summary/summary.w3p;adv=yes;orderBy=_fragment_number,doc_date-rev;page=316;query=Dataset%3Ahansards,hansards80;resCount=Default",
"http://parlinfo.aph.gov.au/parlInfo/search/summary/summary.w3p;adv=yes;orderBy=_fragment_number,doc_date-rev;page=317;query=Dataset%3Ahansards,hansards80;resCount=Default",
"http://parlinfo.aph.gov.au/parlInfo/search/summary/summary.w3p;adv=yes;orderBy=_fragment_number,doc_date-rev;page=318;query=Dataset%3Ahansards,hansards80;resCount=Default",
"http://parlinfo.aph.gov.au/parlInfo/search/summary/summary.w3p;adv=yes;orderBy=_fragment_number,doc_date-rev;page=319;query=Dataset%3Ahansards,hansards80;resCount=Default",
"http://parlinfo.aph.gov.au/parlInfo/search/summary/summary.w3p;adv=yes;orderBy=_fragment_number,doc_date-rev;page=320;query=Dataset%3Ahansards,hansards80;resCount=Default",
"http://parlinfo.aph.gov.au/parlInfo/search/summary/summary.w3p;adv=yes;orderBy=_fragment_number,doc_date-rev;page=321;query=Dataset%3Ahansards,hansards80;resCount=Default",
"http://parlinfo.aph.gov.au/parlInfo/search/summary/summary.w3p;adv=yes;orderBy=_fragment_number,doc_date-rev;page=322;query=Dataset%3Ahansards,hansards80;resCount=Default",
"http://parlinfo.aph.gov.au/parlInfo/search/summary/summary.w3p;adv=yes;orderBy=_fragment_number,doc_date-rev;page=323;query=Dataset%3Ahansards,hansards80;resCount=Default",
"http://parlinfo.aph.gov.au/parlInfo/search/summary/summary.w3p;adv=yes;orderBy=_fragment_number,doc_date-rev;page=324;query=Dataset%3Ahansards,hansards80;resCount=Default",
"http://parlinfo.aph.gov.au/parlInfo/search/summary/summary.w3p;adv=yes;orderBy=_fragment_number,doc_date-rev;page=325;query=Dataset%3Ahansards,hansards80;resCount=Default",
"http://parlinfo.aph.gov.au/parlInfo/search/summary/summary.w3p;adv=yes;orderBy=_fragment_number,doc_date-rev;page=326;query=Dataset%3Ahansards,hansards80;resCount=Default",
"http://parlinfo.aph.gov.au/parlInfo/search/summary/summary.w3p;adv=yes;orderBy=_fragment_number,doc_date-rev;page=327;query=Dataset%3Ahansards,hansards80;resCount=Default",
"http://parlinfo.aph.gov.au/parlInfo/search/summary/summary.w3p;adv=yes;orderBy=_fragment_number,doc_date-rev;page=328;query=Dataset%3Ahansards,hansards80;resCount=Default",
"http://parlinfo.aph.gov.au/parlInfo/search/summary/summary.w3p;adv=yes;orderBy=_fragment_number,doc_date-rev;page=329;query=Dataset%3Ahansards,hansards80;resCount=Default",
"http://parlinfo.aph.gov.au/parlInfo/search/summary/summary.w3p;adv=yes;orderBy=_fragment_number,doc_date-rev;page=330;query=Dataset%3Ahansards,hansards80;resCount=Default",
"http://parlinfo.aph.gov.au/parlInfo/search/summary/summary.w3p;adv=yes;orderBy=_fragment_number,doc_date-rev;page=331;query=Dataset%3Ahansards,hansards80;resCount=Default",
"http://parlinfo.aph.gov.au/parlInfo/search/summary/summary.w3p;adv=yes;orderBy=_fragment_number,doc_date-rev;page=332;query=Dataset%3Ahansards,hansards80;resCount=Default",
"http://parlinfo.aph.gov.au/parlInfo/search/summary/summary.w3p;adv=yes;orderBy=_fragment_number,doc_date-rev;page=333;query=Dataset%3Ahansards,hansards80;resCount=Default",
"http://parlinfo.aph.gov.au/parlInfo/search/summary/summary.w3p;adv=yes;orderBy=_fragment_number,doc_date-rev;page=334;query=Dataset%3Ahansards,hansards80;resCount=Default",
"http://parlinfo.aph.gov.au/parlInfo/search/summary/summary.w3p;adv=yes;orderBy=_fragment_number,doc_date-rev;page=335;query=Dataset%3Ahansards,hansards80;resCount=Default",
"http://parlinfo.aph.gov.au/parlInfo/search/summary/summary.w3p;adv=yes;orderBy=_fragment_number,doc_date-rev;page=336;query=Dataset%3Ahansards,hansards80;resCount=Default",
"http://parlinfo.aph.gov.au/parlInfo/search/summary/summary.w3p;adv=yes;orderBy=_fragment_number,doc_date-rev;page=337;query=Dataset%3Ahansards,hansards80;resCount=Default",
"http://parlinfo.aph.gov.au/parlInfo/search/summary/summary.w3p;adv=yes;orderBy=_fragment_number,doc_date-rev;page=338;query=Dataset%3Ahansards,hansards80;resCount=Default",
"http://parlinfo.aph.gov.au/parlInfo/search/summary/summary.w3p;adv=yes;orderBy=_fragment_number,doc_date-rev;page=339;query=Dataset%3Ahansards,hansards80;resCount=Default",
"http://parlinfo.aph.gov.au/parlInfo/search/summary/summary.w3p;adv=yes;orderBy=_fragment_number,doc_date-rev;page=340;query=Dataset%3Ahansards,hansards80;resCount=Default",
"http://parlinfo.aph.gov.au/parlInfo/search/summary/summary.w3p;adv=yes;orderBy=_fragment_number,doc_date-rev;page=341;query=Dataset%3Ahansards,hansards80;resCount=Default",
"http://parlinfo.aph.gov.au/parlInfo/search/summary/summary.w3p;adv=yes;orderBy=_fragment_number,doc_date-rev;page=342;query=Dataset%3Ahansards,hansards80;resCount=Default",
"http://parlinfo.aph.gov.au/parlInfo/search/summary/summary.w3p;adv=yes;orderBy=_fragment_number,doc_date-rev;page=343;query=Dataset%3Ahansards,hansards80;resCount=Default",
"http://parlinfo.aph.gov.au/parlInfo/search/summary/summary.w3p;adv=yes;orderBy=_fragment_number,doc_date-rev;page=344;query=Dataset%3Ahansards,hansards80;resCount=Default",
"http://parlinfo.aph.gov.au/parlInfo/search/summary/summary.w3p;adv=yes;orderBy=_fragment_number,doc_date-rev;page=345;query=Dataset%3Ahansards,hansards80;resCount=Default",
"http://parlinfo.aph.gov.au/parlInfo/search/summary/summary.w3p;adv=yes;orderBy=_fragment_number,doc_date-rev;page=346;query=Dataset%3Ahansards,hansards80;resCount=Default",
"http://parlinfo.aph.gov.au/parlInfo/search/summary/summary.w3p;adv=yes;orderBy=_fragment_number,doc_date-rev;page=347;query=Dataset%3Ahansards,hansards80;resCount=Default",
"http://parlinfo.aph.gov.au/parlInfo/search/summary/summary.w3p;adv=yes;orderBy=_fragment_number,doc_date-rev;page=348;query=Dataset%3Ahansards,hansards80;resCount=Default",
"http://parlinfo.aph.gov.au/parlInfo/search/summary/summary.w3p;adv=yes;orderBy=_fragment_number,doc_date-rev;page=349;query=Dataset%3Ahansards,hansards80;resCount=Default",
"http://parlinfo.aph.gov.au/parlInfo/search/summary/summary.w3p;adv=yes;orderBy=_fragment_number,doc_date-rev;page=350;query=Dataset%3Ahansards,hansards80;resCount=Default",
"http://parlinfo.aph.gov.au/parlInfo/search/summary/summary.w3p;adv=yes;orderBy=_fragment_number,doc_date-rev;page=351;query=Dataset%3Ahansards,hansards80;resCount=Default",
"http://parlinfo.aph.gov.au/parlInfo/search/summary/summary.w3p;adv=yes;orderBy=_fragment_number,doc_date-rev;page=352;query=Dataset%3Ahansards,hansards80;resCount=Default",
"http://parlinfo.aph.gov.au/parlInfo/search/summary/summary.w3p;adv=yes;orderBy=_fragment_number,doc_date-rev;page=353;query=Dataset%3Ahansards,hansards80;resCount=Default",
"http://parlinfo.aph.gov.au/parlInfo/search/summary/summary.w3p;adv=yes;orderBy=_fragment_number,doc_date-rev;page=354;query=Dataset%3Ahansards,hansards80;resCount=Default",
"http://parlinfo.aph.gov.au/parlInfo/search/summary/summary.w3p;adv=yes;orderBy=_fragment_number,doc_date-rev;page=355;query=Dataset%3Ahansards,hansards80;resCount=Default",
"http://parlinfo.aph.gov.au/parlInfo/search/summary/summary.w3p;adv=yes;orderBy=_fragment_number,doc_date-rev;page=356;query=Dataset%3Ahansards,hansards80;resCount=Default",
"http://parlinfo.aph.gov.au/parlInfo/search/summary/summary.w3p;adv=yes;orderBy=_fragment_number,doc_date-rev;page=357;query=Dataset%3Ahansards,hansards80;resCount=Default",
"http://parlinfo.aph.gov.au/parlInfo/search/summary/summary.w3p;adv=yes;orderBy=_fragment_number,doc_date-rev;page=358;query=Dataset%3Ahansards,hansards80;resCount=Default",
"http://parlinfo.aph.gov.au/parlInfo/search/summary/summary.w3p;adv=yes;orderBy=_fragment_number,doc_date-rev;page=359;query=Dataset%3Ahansards,hansards80;resCount=Default",
"http://parlinfo.aph.gov.au/parlInfo/search/summary/summary.w3p;adv=yes;orderBy=_fragment_number,doc_date-rev;page=360;query=Dataset%3Ahansards,hansards80;resCount=Default",
"http://parlinfo.aph.gov.au/parlInfo/search/summary/summary.w3p;adv=yes;orderBy=_fragment_number,doc_date-rev;page=361;query=Dataset%3Ahansards,hansards80;resCount=Default",
"http://parlinfo.aph.gov.au/parlInfo/search/summary/summary.w3p;adv=yes;orderBy=_fragment_number,doc_date-rev;page=362;query=Dataset%3Ahansards,hansards80;resCount=Default",
"http://parlinfo.aph.gov.au/parlInfo/search/summary/summary.w3p;adv=yes;orderBy=_fragment_number,doc_date-rev;page=363;query=Dataset%3Ahansards,hansards80;resCount=Default",
"http://parlinfo.aph.gov.au/parlInfo/search/summary/summary.w3p;adv=yes;orderBy=_fragment_number,doc_date-rev;page=364;query=Dataset%3Ahansards,hansards80;resCount=Default",
"http://parlinfo.aph.gov.au/parlInfo/search/summary/summary.w3p;adv=yes;orderBy=_fragment_number,doc_date-rev;page=365;query=Dataset%3Ahansards,hansards80;resCount=Default",
"http://parlinfo.aph.gov.au/parlInfo/search/summary/summary.w3p;adv=yes;orderBy=_fragment_number,doc_date-rev;page=366;query=Dataset%3Ahansards,hansards80;resCount=Default",
"http://parlinfo.aph.gov.au/parlInfo/search/summary/summary.w3p;adv=yes;orderBy=_fragment_number,doc_date-rev;page=367;query=Dataset%3Ahansards,hansards80;resCount=Default",
"http://parlinfo.aph.gov.au/parlInfo/search/summary/summary.w3p;adv=yes;orderBy=_fragment_number,doc_date-rev;page=368;query=Dataset%3Ahansards,hansards80;resCount=Default",
"http://parlinfo.aph.gov.au/parlInfo/search/summary/summary.w3p;adv=yes;orderBy=_fragment_number,doc_date-rev;page=369;query=Dataset%3Ahansards,hansards80;resCount=Default",
"http://parlinfo.aph.gov.au/parlInfo/search/summary/summary.w3p;adv=yes;orderBy=_fragment_number,doc_date-rev;page=370;query=Dataset%3Ahansards,hansards80;resCount=Default",
"http://parlinfo.aph.gov.au/parlInfo/search/summary/summary.w3p;adv=yes;orderBy=_fragment_number,doc_date-rev;page=371;query=Dataset%3Ahansards,hansards80;resCount=Default",
"http://parlinfo.aph.gov.au/parlInfo/search/summary/summary.w3p;adv=yes;orderBy=_fragment_number,doc_date-rev;page=372;query=Dataset%3Ahansards,hansards80;resCount=Default",
"http://parlinfo.aph.gov.au/parlInfo/search/summary/summary.w3p;adv=yes;orderBy=_fragment_number,doc_date-rev;page=373;query=Dataset%3Ahansards,hansards80;resCount=Default",
"http://parlinfo.aph.gov.au/parlInfo/search/summary/summary.w3p;adv=yes;orderBy=_fragment_number,doc_date-rev;page=374;query=Dataset%3Ahansards,hansards80;resCount=Default",
"http://parlinfo.aph.gov.au/parlInfo/search/summary/summary.w3p;adv=yes;orderBy=_fragment_number,doc_date-rev;page=375;query=Dataset%3Ahansards,hansards80;resCount=Default",
"http://parlinfo.aph.gov.au/parlInfo/search/summary/summary.w3p;adv=yes;orderBy=_fragment_number,doc_date-rev;page=376;query=Dataset%3Ahansards,hansards80;resCount=Default",
"http://parlinfo.aph.gov.au/parlInfo/search/summary/summary.w3p;adv=yes;orderBy=_fragment_number,doc_date-rev;page=377;query=Dataset%3Ahansards,hansards80;resCount=Default",
"http://parlinfo.aph.gov.au/parlInfo/search/summary/summary.w3p;adv=yes;orderBy=_fragment_number,doc_date-rev;page=378;query=Dataset%3Ahansards,hansards80;resCount=Default",
"http://parlinfo.aph.gov.au/parlInfo/search/summary/summary.w3p;adv=yes;orderBy=_fragment_number,doc_date-rev;page=379;query=Dataset%3Ahansards,hansards80;resCount=Default",
"http://parlinfo.aph.gov.au/parlInfo/search/summary/summary.w3p;adv=yes;orderBy=_fragment_number,doc_date-rev;page=380;query=Dataset%3Ahansards,hansards80;resCount=Default",
"http://parlinfo.aph.gov.au/parlInfo/search/summary/summary.w3p;adv=yes;orderBy=_fragment_number,doc_date-rev;page=381;query=Dataset%3Ahansards,hansards80;resCount=Default",
"http://parlinfo.aph.gov.au/parlInfo/search/summary/summary.w3p;adv=yes;orderBy=_fragment_number,doc_date-rev;page=382;query=Dataset%3Ahansards,hansards80;resCount=Default",
"http://parlinfo.aph.gov.au/parlInfo/search/summary/summary.w3p;adv=yes;orderBy=_fragment_number,doc_date-rev;page=383;query=Dataset%3Ahansards,hansards80;resCount=Default",
"http://parlinfo.aph.gov.au/parlInfo/search/summary/summary.w3p;adv=yes;orderBy=_fragment_number,doc_date-rev;page=384;query=Dataset%3Ahansards,hansards80;resCount=Default",
"http://parlinfo.aph.gov.au/parlInfo/search/summary/summary.w3p;adv=yes;orderBy=_fragment_number,doc_date-rev;page=385;query=Dataset%3Ahansards,hansards80;resCount=Default",
"http://parlinfo.aph.gov.au/parlInfo/search/summary/summary.w3p;adv=yes;orderBy=_fragment_number,doc_date-rev;page=386;query=Dataset%3Ahansards,hansards80;resCount=Default",
"http://parlinfo.aph.gov.au/parlInfo/search/summary/summary.w3p;adv=yes;orderBy=_fragment_number,doc_date-rev;page=387;query=Dataset%3Ahansards,hansards80;resCount=Default",
"http://parlinfo.aph.gov.au/parlInfo/search/summary/summary.w3p;adv=yes;orderBy=_fragment_number,doc_date-rev;page=388;query=Dataset%3Ahansards,hansards80;resCount=Default",
"http://parlinfo.aph.gov.au/parlInfo/search/summary/summary.w3p;adv=yes;orderBy=_fragment_number,doc_date-rev;page=389;query=Dataset%3Ahansards,hansards80;resCount=Default",
"http://parlinfo.aph.gov.au/parlInfo/search/summary/summary.w3p;adv=yes;orderBy=_fragment_number,doc_date-rev;page=390;query=Dataset%3Ahansards,hansards80;resCount=Default",
"http://parlinfo.aph.gov.au/parlInfo/search/summary/summary.w3p;adv=yes;orderBy=_fragment_number,doc_date-rev;page=391;query=Dataset%3Ahansards,hansards80;resCount=Default",
"http://parlinfo.aph.gov.au/parlInfo/search/summary/summary.w3p;adv=yes;orderBy=_fragment_number,doc_date-rev;page=392;query=Dataset%3Ahansards,hansards80;resCount=Default",
"http://parlinfo.aph.gov.au/parlInfo/search/summary/summary.w3p;adv=yes;orderBy=_fragment_number,doc_date-rev;page=393;query=Dataset%3Ahansards,hansards80;resCount=Default",
"http://parlinfo.aph.gov.au/parlInfo/search/summary/summary.w3p;adv=yes;orderBy=_fragment_number,doc_date-rev;page=394;query=Dataset%3Ahansards,hansards80;resCount=Default",
"http://parlinfo.aph.gov.au/parlInfo/search/summary/summary.w3p;adv=yes;orderBy=_fragment_number,doc_date-rev;page=395;query=Dataset%3Ahansards,hansards80;resCount=Default",
"http://parlinfo.aph.gov.au/parlInfo/search/summary/summary.w3p;adv=yes;orderBy=_fragment_number,doc_date-rev;page=396;query=Dataset%3Ahansards,hansards80;resCount=Default",
"http://parlinfo.aph.gov.au/parlInfo/search/summary/summary.w3p;adv=yes;orderBy=_fragment_number,doc_date-rev;page=397;query=Dataset%3Ahansards,hansards80;resCount=Default",
"http://parlinfo.aph.gov.au/parlInfo/search/summary/summary.w3p;adv=yes;orderBy=_fragment_number,doc_date-rev;page=398;query=Dataset%3Ahansards,hansards80;resCount=Default",
"http://parlinfo.aph.gov.au/parlInfo/search/summary/summary.w3p;adv=yes;orderBy=_fragment_number,doc_date-rev;page=399;query=Dataset%3Ahansards,hansards80;resCount=Default",
"http://parlinfo.aph.gov.au/parlInfo/search/summary/summary.w3p;adv=yes;orderBy=_fragment_number,doc_date-rev;page=400;query=Dataset%3Ahansards,hansards80;resCount=Default",
"http://parlinfo.aph.gov.au/parlInfo/search/summary/summary.w3p;adv=yes;orderBy=_fragment_number,doc_date-rev;page=401;query=Dataset%3Ahansards,hansards80;resCount=Default",
"http://parlinfo.aph.gov.au/parlInfo/search/summary/summary.w3p;adv=yes;orderBy=_fragment_number,doc_date-rev;page=402;query=Dataset%3Ahansards,hansards80;resCount=Default",
"http://parlinfo.aph.gov.au/parlInfo/search/summary/summary.w3p;adv=yes;orderBy=_fragment_number,doc_date-rev;page=403;query=Dataset%3Ahansards,hansards80;resCount=Default",
"http://parlinfo.aph.gov.au/parlInfo/search/summary/summary.w3p;adv=yes;orderBy=_fragment_number,doc_date-rev;page=404;query=Dataset%3Ahansards,hansards80;resCount=Default",
"http://parlinfo.aph.gov.au/parlInfo/search/summary/summary.w3p;adv=yes;orderBy=_fragment_number,doc_date-rev;page=405;query=Dataset%3Ahansards,hansards80;resCount=Default",
"http://parlinfo.aph.gov.au/parlInfo/search/summary/summary.w3p;adv=yes;orderBy=_fragment_number,doc_date-rev;page=406;query=Dataset%3Ahansards,hansards80;resCount=Default",
"http://parlinfo.aph.gov.au/parlInfo/search/summary/summary.w3p;adv=yes;orderBy=_fragment_number,doc_date-rev;page=407;query=Dataset%3Ahansards,hansards80;resCount=Default",
"http://parlinfo.aph.gov.au/parlInfo/search/summary/summary.w3p;adv=yes;orderBy=_fragment_number,doc_date-rev;page=408;query=Dataset%3Ahansards,hansards80;resCount=Default",
"http://parlinfo.aph.gov.au/parlInfo/search/summary/summary.w3p;adv=yes;orderBy=_fragment_number,doc_date-rev;page=409;query=Dataset%3Ahansards,hansards80;resCount=Default",
"http://parlinfo.aph.gov.au/parlInfo/search/summary/summary.w3p;adv=yes;orderBy=_fragment_number,doc_date-rev;page=410;query=Dataset%3Ahansards,hansards80;resCount=Default",
"http://parlinfo.aph.gov.au/parlInfo/search/summary/summary.w3p;adv=yes;orderBy=_fragment_number,doc_date-rev;page=411;query=Dataset%3Ahansards,hansards80;resCount=Default",
"http://parlinfo.aph.gov.au/parlInfo/search/summary/summary.w3p;adv=yes;orderBy=_fragment_number,doc_date-rev;page=412;query=Dataset%3Ahansards,hansards80;resCount=Default",
"http://parlinfo.aph.gov.au/parlInfo/search/summary/summary.w3p;adv=yes;orderBy=_fragment_number,doc_date-rev;page=413;query=Dataset%3Ahansards,hansards80;resCount=Default",
"http://parlinfo.aph.gov.au/parlInfo/search/summary/summary.w3p;adv=yes;orderBy=_fragment_number,doc_date-rev;page=414;query=Dataset%3Ahansards,hansards80;resCount=Default",
"http://parlinfo.aph.gov.au/parlInfo/search/summary/summary.w3p;adv=yes;orderBy=_fragment_number,doc_date-rev;page=415;query=Dataset%3Ahansards,hansards80;resCount=Default",
"http://parlinfo.aph.gov.au/parlInfo/search/summary/summary.w3p;adv=yes;orderBy=_fragment_number,doc_date-rev;page=416;query=Dataset%3Ahansards,hansards80;resCount=Default",
"http://parlinfo.aph.gov.au/parlInfo/search/summary/summary.w3p;adv=yes;orderBy=_fragment_number,doc_date-rev;page=417;query=Dataset%3Ahansards,hansards80;resCount=Default",
"http://parlinfo.aph.gov.au/parlInfo/search/summary/summary.w3p;adv=yes;orderBy=_fragment_number,doc_date-rev;page=418;query=Dataset%3Ahansards,hansards80;resCount=Default",
"http://parlinfo.aph.gov.au/parlInfo/search/summary/summary.w3p;adv=yes;orderBy=_fragment_number,doc_date-rev;page=419;query=Dataset%3Ahansards,hansards80;resCount=Default",
"http://parlinfo.aph.gov.au/parlInfo/search/summary/summary.w3p;adv=yes;orderBy=_fragment_number,doc_date-rev;page=420;query=Dataset%3Ahansards,hansards80;resCount=Default",
"http://parlinfo.aph.gov.au/parlInfo/search/summary/summary.w3p;adv=yes;orderBy=_fragment_number,doc_date-rev;page=421;query=Dataset%3Ahansards,hansards80;resCount=Default",
"http://parlinfo.aph.gov.au/parlInfo/search/summary/summary.w3p;adv=yes;orderBy=_fragment_number,doc_date-rev;page=422;query=Dataset%3Ahansards,hansards80;resCount=Default",
"http://parlinfo.aph.gov.au/parlInfo/search/summary/summary.w3p;adv=yes;orderBy=_fragment_number,doc_date-rev;page=423;query=Dataset%3Ahansards,hansards80;resCount=Default",
"http://parlinfo.aph.gov.au/parlInfo/search/summary/summary.w3p;adv=yes;orderBy=_fragment_number,doc_date-rev;page=424;query=Dataset%3Ahansards,hansards80;resCount=Default",
"http://parlinfo.aph.gov.au/parlInfo/search/summary/summary.w3p;adv=yes;orderBy=_fragment_number,doc_date-rev;page=425;query=Dataset%3Ahansards,hansards80;resCount=Default",
"http://parlinfo.aph.gov.au/parlInfo/search/summary/summary.w3p;adv=yes;orderBy=_fragment_number,doc_date-rev;page=426;query=Dataset%3Ahansards,hansards80;resCount=Default",
"http://parlinfo.aph.gov.au/parlInfo/search/summary/summary.w3p;adv=yes;orderBy=_fragment_number,doc_date-rev;page=427;query=Dataset%3Ahansards,hansards80;resCount=Default",
"http://parlinfo.aph.gov.au/parlInfo/search/summary/summary.w3p;adv=yes;orderBy=_fragment_number,doc_date-rev;page=428;query=Dataset%3Ahansards,hansards80;resCount=Default",
"http://parlinfo.aph.gov.au/parlInfo/search/summary/summary.w3p;adv=yes;orderBy=_fragment_number,doc_date-rev;page=429;query=Dataset%3Ahansards,hansards80;resCount=Default",
"http://parlinfo.aph.gov.au/parlInfo/search/summary/summary.w3p;adv=yes;orderBy=_fragment_number,doc_date-rev;page=430;query=Dataset%3Ahansards,hansards80;resCount=Default",
"http://parlinfo.aph.gov.au/parlInfo/search/summary/summary.w3p;adv=yes;orderBy=_fragment_number,doc_date-rev;page=431;query=Dataset%3Ahansards,hansards80;resCount=Default",
"http://parlinfo.aph.gov.au/parlInfo/search/summary/summary.w3p;adv=yes;orderBy=_fragment_number,doc_date-rev;page=432;query=Dataset%3Ahansards,hansards80;resCount=Default",
"http://parlinfo.aph.gov.au/parlInfo/search/summary/summary.w3p;adv=yes;orderBy=_fragment_number,doc_date-rev;page=433;query=Dataset%3Ahansards,hansards80;resCount=Default",
"http://parlinfo.aph.gov.au/parlInfo/search/summary/summary.w3p;adv=yes;orderBy=_fragment_number,doc_date-rev;page=434;query=Dataset%3Ahansards,hansards80;resCount=Default",
"http://parlinfo.aph.gov.au/parlInfo/search/summary/summary.w3p;adv=yes;orderBy=_fragment_number,doc_date-rev;page=435;query=Dataset%3Ahansards,hansards80;resCount=Default",
"http://parlinfo.aph.gov.au/parlInfo/search/summary/summary.w3p;adv=yes;orderBy=_fragment_number,doc_date-rev;page=436;query=Dataset%3Ahansards,hansards80;resCount=Default",
"http://parlinfo.aph.gov.au/parlInfo/search/summary/summary.w3p;adv=yes;orderBy=_fragment_number,doc_date-rev;page=437;query=Dataset%3Ahansards,hansards80;resCount=Default",
"http://parlinfo.aph.gov.au/parlInfo/search/summary/summary.w3p;adv=yes;orderBy=_fragment_number,doc_date-rev;page=438;query=Dataset%3Ahansards,hansards80;resCount=Default",
"http://parlinfo.aph.gov.au/parlInfo/search/summary/summary.w3p;adv=yes;orderBy=_fragment_number,doc_date-rev;page=439;query=Dataset%3Ahansards,hansards80;resCount=Default",
"http://parlinfo.aph.gov.au/parlInfo/search/summary/summary.w3p;adv=yes;orderBy=_fragment_number,doc_date-rev;page=440;query=Dataset%3Ahansards,hansards80;resCount=Default",
"http://parlinfo.aph.gov.au/parlInfo/search/summary/summary.w3p;adv=yes;orderBy=_fragment_number,doc_date-rev;page=441;query=Dataset%3Ahansards,hansards80;resCount=Default",
"http://parlinfo.aph.gov.au/parlInfo/search/summary/summary.w3p;adv=yes;orderBy=_fragment_number,doc_date-rev;page=442;query=Dataset%3Ahansards,hansards80;resCount=Default",
"http://parlinfo.aph.gov.au/parlInfo/search/summary/summary.w3p;adv=yes;orderBy=_fragment_number,doc_date-rev;page=443;query=Dataset%3Ahansards,hansards80;resCount=Default",
"http://parlinfo.aph.gov.au/parlInfo/search/summary/summary.w3p;adv=yes;orderBy=_fragment_number,doc_date-rev;page=444;query=Dataset%3Ahansards,hansards80;resCount=Default",
"http://parlinfo.aph.gov.au/parlInfo/search/summary/summary.w3p;adv=yes;orderBy=_fragment_number,doc_date-rev;page=445;query=Dataset%3Ahansards,hansards80;resCount=Default",
"http://parlinfo.aph.gov.au/parlInfo/search/summary/summary.w3p;adv=yes;orderBy=_fragment_number,doc_date-rev;page=446;query=Dataset%3Ahansards,hansards80;resCount=Default",
"http://parlinfo.aph.gov.au/parlInfo/search/summary/summary.w3p;adv=yes;orderBy=_fragment_number,doc_date-rev;page=447;query=Dataset%3Ahansards,hansards80;resCount=Default",
"http://parlinfo.aph.gov.au/parlInfo/search/summary/summary.w3p;adv=yes;orderBy=_fragment_number,doc_date-rev;page=448;query=Dataset%3Ahansards,hansards80;resCount=Default",
"http://parlinfo.aph.gov.au/parlInfo/search/summary/summary.w3p;adv=yes;orderBy=_fragment_number,doc_date-rev;page=449;query=Dataset%3Ahansards,hansards80;resCount=Default",
"http://parlinfo.aph.gov.au/parlInfo/search/summary/summary.w3p;adv=yes;orderBy=_fragment_number,doc_date-rev;page=450;query=Dataset%3Ahansards,hansards80;resCount=Default"